{
    "id": "rct2.tt.scgjurra",
    "authors": ["Frontier Studios"],
    "version": "1.0",
    "originalId": "0E24F627|SCGJURRA|623CD5AE",
    "sourceGame": "rct2tt",
    "objectType": "scenery_group",
    "properties": {
        "entries": [
            "4X4GMANT",
            "4X4STNHN",
            "4X4VOLCA",
            "FOOTPRNT",
            "4X4TRPIT",
            "CAVEMENX",
            "COOKSPIT",
            "SDRAGFLY",
            "GEYSERXX",
            "GSCORPO2",
            "GSCORPON",
            "SOUPCRNR",
            "SOUPED01",
            "SOUPED02",
            "SOUPTL01",
            "SOUPTL02",
            "SOUPCRN2",
            "SPTERDAC",
            "SPIKTAIL",
            "SWAMPLT1",
            "SWAMPLT2",
            "SWAMPLT3",
            "SWAMPLT4",
            "SWAMPLT5",
            "SWAMPLT6",
            "SWAMPLT7",
            "SWAMPLT8",
            "SWAMPLT9",
            "TARPIT01",
            "TARPIT02",
            "TARPIT03",
            "TARPIT04",
            "TARPIT05",
            "TARPIT06",
            "TARPIT07",
            "TARPIT08",
            "TARPIT09",
            "TARPIT10",
            "TARPIT11",
            "TARPIT12",
            "TARPIT13",
            "TARPIT14",
            "STRICTOP",
            "TYRANREX",
            "VOLCVENT",
            "ELECFEN1",
            "ELECFEN2",
            "ELECFEN3",
            "ELECFEN4",
            "ELECFEN5",
            "METEORST",
            "METEORCR",
            "METRCRS1",
            "METRCRS2",
            "METOAN01",
            "METOAN02",
            "CRATR2X2",
            "CRATR4X4",
            "PRIMHEAD",
            "PRIMROOT",
            "PRIMSCRN",
            "PRIMST01",
            "PRIMST02",
            "PRIMST03",
            "PRIMTALL",
            "PRIMHEAR",
            "PRIMROOR",
            "PRIMWAL1",
            "PRIMWAL2",
            "PRIMWAL3",
            "MAMTHW01",
            "MAMTHW02",
            "MAMTHW03",
            "MAMTHW04",
            "MAMTHW05",
            "MAMTHW06",
            "CAVENTRA"
        ],
        "priority": 25
    },
    "images": ["$RCT2:OBJDATA/SCGJURRA.DAT[0..1]"],
    "strings": {
        "name": {
            "en-GB": "Prehistoric Themeing",
            "fr-FR": "Thème de la préhistoire",
            "de-DE": "Thema Vorgeschichte",
            "es-ES": "Tema prehistórico",
            "it-IT": "Tema preistorico",
            "nl-NL": "Prehistorisch thema",
            "sv-SE": "Förhistoriskt tema",
            "ko-KR": "선사시대 테마",
            "zh-TW": "史前時代主題區",
            "pt-BR": "Temática Pré-Histórica",
            "cs-CZ": "Pravěk",
            "pl-PL": "Wystrój prehistoryczny",
            "ru-RU": "Доисторический Мир"
        }
    }
}
