{
    "id": "rct2.tt.scg1960s",
    "authors": ["Frontier Studios"],
    "version": "1.0",
    "originalId": "0E24F627|SCG1960S|A3733416",
    "sourceGame": "rct2tt",
    "objectType": "scenery_group",
    "properties": {
        "entries": [
            "RUNWAY01",
            "RUNWAY02",
            "RUNWAY03",
            "RUNWAY04",
            "RUNWAY05",
            "RUNWAY06",
            "BKRGANG1",
            "GUYQWIFX",
            "RCKNROLR",
            "FWRPRDC1",
            "STGBAND1",
            "STGBAND2",
            "STGBAND3",
            "STGBAND4",
            "RSWATRES",
            "JETPLAN1",
            "JETPLAN2",
            "JETPLAN3",
            "GGNTOCTO",
            "GGNTSPID",
            "CHPRBKE1",
            "CHPRBKE2",
            "SPEAKR01",
            "SPEAKR02",
            "GSCHLBUS",
            "GBEETLEX",
            "GHOTROD1",
            "GHOTROD2",
            "1950SCAR",
            "TRAVLR01",
            "TRAVLR02",
            "BANDBUSX",
            "DINSIGN1",
            "DINSIGN2",
            "DINSIGN3",
            "DINSIGN4",
            "BIGBASSX",
            "BIGGUTAR",
            "BIGDRUMS"
        ],
        "priority": 25
    },
    "images": ["$RCT2:OBJDATA/SCG1960S.DAT[0..1]"],
    "strings": {
        "name": {
            "en-GB": "Rock 'n' Roll Themeing",
            "fr-FR": "Thème du Rock & Roll",
            "de-DE": "Thema Rock´n´Roll",
            "es-ES": "Tema rock & roll",
            "it-IT": "Tema Rock & Roll",
            "nl-NL": "'Rock 'n roll'-thema",
            "sv-SE": "Rock'n'roll-tema",
            "ko-KR": "로큰롤 테마",
            "zh-TW": "搖滾主題區",
            "pt-BR": "Temática Rock & Roll",
            "cs-CZ": "Rock 'n' Roll",
            "pl-PL": "Wystrój rockandrollowy",
            "ru-RU": "Рок-н-Ролл"
        }
    }
}
