{
    "id": "rct2.tt.scgmediv",
    "authors": ["Frontier Studios"],
    "version": "1.0",
    "originalId": "0E24F627|SCGMEDIV|C7FF7E87",
    "sourceGame": "rct2tt",
    "objectType": "scenery_group",
    "properties": {
        "entries": [
            "TAVERNXX",
            "WDNCART2",
            "MEDSTOOL",
            "STOOLSET",
            "MEDTRGET",
            "PDFLAG02",
            "PDFLAG03",
            "PDFLAG04",
            "PDFLAG05",
            "PDFLAG06",
            "PDFLAG08",
            "PDFLAG13",
            "PDFLAG14",
            "PDFLAG15",
            "PDFLAG16",
            "PSNTWL01",
            "PSNTWL02",
            "PSNTWL03",
            "PSNTWL04",
            "PSNTWL05",
            "PSNTWL06",
            "PSNTWL07",
            "PSNTWL08",
            "PSNTWL09",
            "PSNTWL10",
            "PSNTWL11",
            "PSNTWL12",
            "PSNTWL13",
            "PSNTWL31",
            "PSNTWL14",
            "PSNTWL15",
            "PSNTWL16",
            "PSNTWL17",
            "PSNTWL20",
            "PSNTWL21",
            "PSNTWL23",
            "PSNTWL24",
            "PSNTWL25",
            "PSNTWL29",
            "PSNTWL30",
            "PSNTWL26",
            "PSNTWL27",
            "PSNTWL28",
            "MCASTL01",
            "MCASTL02",
            "MCASTL03",
            "MCASTL04",
            "MCASTL05",
            "MCASTL06",
            "MCASTL07",
            "MCASTL08",
            "MCASTL09",
            "MCASTL10",
            "MCASTL19",
            "MCASTL11",
            "MCASTL12",
            "MCASTL13",
            "MCASTL14",
            "MCASTL15",
            "MCASTL16",
            "MCASTL17",
            "MCASTL18",
            "MSPKWA01",
            "FEASTABL",
            "GLDCHEST",
            "WEPNRACK",
            "HODSHUT1",
            "HODSHUT2",
            "ROBNCAMP",
            "BOLPOT01",
            "FIRCANON",
            "FRBEACON",
            "MEDBENCH",
            "ROBNHOOD",
            "WAVEKING",
            "SWRDSTNE",
            "PEASTHUT",
            "MDBUCKET",
            "HAYBAILS",
            "MEDTOOLS",
            "PLOUGHXX",
            "MAJOROAK",
            "MELMTREE",
            "YEWTREEX",
            "SHWDFRST",
            "HORSECRT",
            "DRGNATTK",
            "CLNSMEN1",
            "DKFIGHT1",
            "DKFIGHT2",
            "KNFIGHT1",
            "KNFIGHT2"
        ],
        "priority": 25,
        "entertainerCostumes": "knight"
    },
    "images": ["$RCT2:OBJDATA/SCGMEDIV.DAT[0..1]"],
    "strings": {
        "name": {
            "en-GB": "Dark Age Themeing",
            "fr-FR": "Thème du Moyen Age",
            "de-DE": "Thema Finsteres Mittelalter",
            "es-ES": "Tema Edad Media",
            "it-IT": "Tema Età Oscura",
            "nl-NL": "'Donkere eeuwen'-thema",
            "sv-SE": "Medeltidstema",
            "ko-KR": "암흑시대 테마",
            "zh-TW": "黑暗時代主題區",
            "pt-BR": "Temática da Idade Média",
            "cs-CZ": "Starodávné časy",
            "pl-PL": "Wystrój średniowieczny",
            "ru-RU": "Средневековье"
        }
    }
}
