{
    "id": "rct2.tt.scg1920w",
    "authors": ["Frontier Studios"],
    "version": "1.0",
    "originalId": "0E24F627|SCG1920W|7C3C45D4",
    "sourceGame": "rct2tt",
    "objectType": "scenery_group",
    "properties": {
        "entries": [
            "OLDNYK01",
            "OLDNYK02",
            "OLDNYK03",
            "OLDNYK04",
            "OLDNYK07",
            "OLDNYK33",
            "OLDNYK08",
            "OLDNYK09",
            "OLDNYK10",
            "OLDNYK11",
            "OLDNYK12",
            "OLDNYK13",
            "OLDNYK14",
            "OLDNYK15",
            "OLDNYK16",
            "OLDNYK17",
            "OLDNYK18",
            "OLDNYK19",
            "OLDNYK22",
            "OLDNYK23",
            "OLDNYK21",
            "OLDNYK26",
            "OLDNYK27",
            "OLDNYK28",
            "OLDNYK29",
            "OLDNYK30",
            "OLDNYK32",
            "OLDNYK05",
            "OLDNYK24",
            "OLDNYK25",
            "OLDNYK20",
            "OLDNYK35",
            "OLDNYK31",
            "OLDNYK34",
            "OLDNYK06",
            "INDWAL01",
            "INDWAL02",
            "INDWAL03",
            "INDWAL04",
            "INDWAL05",
            "INDWAL06",
            "INDWAL07",
            "INDWAL08",
            "INDWAL09",
            "INDWAL10",
            "INDWAL11",
            "INDWAL12",
            "INDWAL13",
            "INDWAL14",
            "INDWAL15",
            "INDWAL16",
            "INDWAL17",
            "INDWAL18",
            "INDWAL19",
            "INDWAL20",
            "INDWAL21",
            "INDWAL22",
            "INDWAL23",
            "INDWAL24",
            "INDWAL25",
            "INDWAL26",
            "INDWAL27",
            "INDWAL28",
            "INDWAL29",
            "INDWAL30",
            "INDWAL31",
            "INDWAL32",
            "ARTDEC01",
            "ARTDEC02",
            "ARTDEC29",
            "ARTDEC03",
            "ARTDEC04",
            "ARTDEC05",
            "ARTDEC06",
            "ARTDEC07",
            "ARTDEC08",
            "ARTDEC09",
            "ARTDEC10",
            "ARTDEC11",
            "ARTDEC12",
            "ARTDEC13",
            "ARTDEC14",
            "ARTDEC15",
            "ARTDEC16",
            "ARTDEC17",
            "ARTDEC18",
            "ARTDEC19",
            "ARTDEC20",
            "ARTDEC21",
            "ARTDEC22",
            "ARTDEC23",
            "ARTDEC24",
            "ARTDEC28",
            "ARTDEC25",
            "ARTDEC26",
            "ARTDEC27",
            "JAILXX01",
            "JAILXX02",
            "JAILXX03",
            "JAILXX04",
            "JAILXX05",
            "JAILXX06",
            "JAILXX07",
            "JAILXX08",
            "JAILXX09",
            "JAILXX10",
            "JAILXX11",
            "JAILXX12",
            "JAILXX13",
            "JAILXX14",
            "JAILXX15",
            "JAILXX16",
            "JAILXX17",
            "JAILXX18",
            "JAILXX19",
            "JAILXX20",
            "JAILXX21"
        ],
        "priority": 25
    },
    "images": ["$RCT2:OBJDATA/SCG1920W.DAT[0..1]"],
    "strings": {
        "name": {
            "en-GB": "Roaring Twenties Wall Sets",
            "fr-FR": "Murs des années folles",
            "de-DE": "Mauersätze Die wilden Zwanziger",
            "es-ES": "Conjunto de muros de locos años veinte",
            "it-IT": "Set di muri dei Ruggenti Anni Venti",
            "nl-NL": "'Roaring Twenties'-muren",
            "sv-SE": "Väggar, glada tjugotalet",
            "ko-KR": "광란의 20년대 벽 세트",
            "zh-TW": "喧騰的20年代牆面集",
            "pt-BR": "Conjuntos de Paredes Anos 20",
            "cs-CZ": "Bouřlivá 20. léta - stěny",
            "pl-PL": "Zestawy ścian dla Ryczących Dwudziestek",
            "ru-RU": "Детали стен 20х годов"
        }
    }
}
