{
    "id": "rct2.tt.scgfutur",
    "authors": ["Frontier Studios"],
    "version": "1.0",
    "originalId": "0E24F627|SCGFUTUR|E4736CB4",
    "sourceGame": "rct2tt",
    "objectType": "scenery_group",
    "properties": {
        "entries": [
            "HISTFIX1",
            "HISTFIX2",
            "ALENCRSH",
            "FUTSKY01",
            "FUTSKY02",
            "FUTSKY03",
            "FUTSKY04",
            "FUTSKY05",
            "FUTSKY06",
            "FUTSKY07",
            "FUTSKY08",
            "FUTSKY09",
            "FUTSKY10",
            "FUTSKY11",
            "FUTSKY12",
            "FUTSKY13",
            "FUTSKY14",
            "FUTSKY15",
            "FUTSKY16",
            "FUTSKY17",
            "FUTSKY18",
            "FUTSKY19",
            "FUTSKY20",
            "FUTSKY21",
            "FUTSKY22",
            "FUTSKY23",
            "FUTSKY24",
            "FUTSKY25",
            "FUTSKY29",
            "FUTSKY26",
            "FUTSKY28",
            "FUTSKY30",
            "FUTSKY31",
            "FUTSKY32",
            "FUTSKY33",
            "FUTSKY34",
            "FUTSKY35",
            "FUTSKY52",
            "FUTSKY53",
            "FUTSKY42",
            "FUTSKY36",
            "FUTSKY37",
            "FUTSKY38",
            "FUTSKY39",
            "FUTSKY40",
            "FUTSKY41",
            "FUTSKY44",
            "FUTSKY46",
            "FUTSKY47",
            "FUTSKY48",
            "FUTSKY54",
            "RDMET2X2",
            "RDMET4X4",
            "RDMETO01",
            "RDMETO02",
            "RDMETO03",
            "RDMETO04",
            "SPCSHP01",
            "SPCSHP02",
            "SPCSHP03",
            "SPCSHP04",
            "SPCSHP05",
            "SPCSHP06",
            "SPCSHP07",
            "SPCSHP08",
            "SPCSHP09",
            "SPCSHP10",
            "SPCSHP11",
            "SPCSHP12",
            "ALNSTR01",
            "ALNSTR02",
            "ALNSTR03",
            "ALNSTR04",
            "ALNSTR05",
            "ALNSTR06",
            "ALNSTR07",
            "ALNSTR08",
            "ALNSTR09",
            "ALNSTR10",
            "ALNSTR11",
            "LASERX01",
            "LASERX02",
            "COMPEYEX",
            "LARGECPU",
            "SMALLCPU",
            "FUROBOT1",
            "FUROBOT2",
            "EVALIEN1",
            "EVALIEN2",
            "EVALIEN3",
            "GDALIEN1",
            "GDALIEN2",
            "GDALIEN3",
            "ASTRONGT",
            "SPACRANG",
            "ALENPLT1",
            "ALENPLT2",
            "ALENTRE1",
            "ALENTRE2",
            "HOVRCAR1",
            "HOVRCAR2",
            "HOVRCAR3",
            "HOVRCAR4",
            "HVRBIKE1",
            "HVRBIKE2",
            "HVRBIKE3",
            "HVRBIKE4",
            "FLTSIGN1",
            "FLTSIGN2"
        ],
        "priority": 25,
        "entertainerCostumes": "astronaut"
    },
    "images": ["$RCT2:OBJDATA/SCGFUTUR.DAT[0..1]"],
    "strings": {
        "name": {
            "en-GB": "Future Themeing",
            "fr-FR": "Thème du futur",
            "de-DE": "Thema Zukunft",
            "es-ES": "Tema futurista",
            "it-IT": "Tema futuristico",
            "nl-NL": "Toekomstthema",
            "sv-SE": "Framtidstema",
            "ko-KR": "미래 테마",
            "zh-TW": "未來主題區",
            "pt-BR": "Temática Futurista",
            "cs-CZ": "Budoucnost",
            "pl-PL": "Wystrój przyszłościowy",
            "ru-RU": "Будущее"
        }
    }
}
