{
    "id": "rct2.tt.scg1920s",
    "authors": ["Frontier Studios"],
    "version": "1.0",
    "originalId": "0E24F627|SCG1920S|4FC4CAD5",
    "sourceGame": "rct2tt",
    "objectType": "scenery_group",
    "properties": {
        "entries": [
            "PERDTK01",
            "PERDTK02",
            "GANGSTER",
            "POLWTBTN",
            "FIREMANX",
            "JAZZMBR1",
            "JAZZMBR2",
            "JAZZMBR3",
            "JAZZMBR4",
            "STMDRAN1",
            "WISKYBL1",
            "WISKYBL2",
            "SMOKSK01",
            "SMOKSK02",
            "SMOKSK03",
            "4X4DINER",
            "PERAMOB1",
            "PERAMOB2",
            "PRDYACHT",
            "SHIPB4X4",
            "SHIPM4X4",
            "SHIPS4X4",
            "SCHNPL01",
            "SCHNPL02",
            "SCHNPL03",
            "SCHNPL04",
            "SCHNPL05",
            "SCHNPL06",
            "SCHNCRSH",
            "SCHNTNNY",
            "SCHNPITS",
            "SCHNPIT2",
            "SCHNBOUY",
            "SCHNBOST",
            "SCHNDRUM",
            "SCHNTENT",
            "1920SLMP",
            "FIRHYDRT",
            "HRBWAL01",
            "HRBWAL02",
            "HRBWAL03",
            "HRBWAL04",
            "HRBWAL05",
            "HRBWAL06",
            "HRBWAL07",
            "HRBWAL08",
            "HRBWAL09",
            "HRBWAL11"
        ],
        "priority": 25
    },
    "images": ["$RCT2:OBJDATA/SCG1920S.DAT[0..1]"],
    "strings": {
        "name": {
            "en-GB": "Roaring Twenties Themeing",
            "fr-FR": "Thème des années folles",
            "de-DE": "Thema Die wilden Zwanziger",
            "es-ES": "Tema locos años veinte",
            "it-IT": "Tema Ruggenti Anni Venti",
            "nl-NL": "'Roaring Twenties'-thema",
            "sv-SE": "Glada tjugotalet-tema",
            "ko-KR": "광란의 20년대 테마",
            "zh-TW": "喧騰的20年代主題區",
            "pt-BR": "Temática Anos 20",
            "cs-CZ": "Bouřlivá 20. léta",
            "pl-PL": "Wystrój Ryczących Dwudziestek",
            "ru-RU": "Двадцатые Годы"
        }
    }
}
