{
    "id": "rct2.tt.scgmytho",
    "authors": ["Frontier Studios"],
    "version": "1.0",
    "originalId": "0E24F627|SCGMYTHO|8A3065E6",
    "sourceGame": "rct2tt",
    "objectType": "scenery_group",
    "properties": {
        "entries": [
            "ROMNC2X2",
            "ROMNE2X1",
            "ROMNS2X2",
            "ROMNM2X2",
            "CORNS2X2",
            "CRSSS2X2",
            "STRGS2X2",
            "ROMVC2X2",
            "ROMVE2X1",
            "ROMVS2X2",
            "ROMVM2X2",
            "CORVS2X2",
            "CRSVS2X2",
            "STRVS2X2",
            "HEVBTH01",
            "HEVBTH02",
            "HEVBTH16",
            "HEVBTH17",
            "HEVBTH03",
            "HEVBTH04",
            "HEVBTH05",
            "HEVBTH06",
            "HEVBTH07",
            "HEVBTH08",
            "HEVBTH09",
            "HEVBTH10",
            "HEVBTH11",
            "HEVBTH12",
            "HEVBTH13",
            "HEVBTH14",
            "HEVBTH15",
            "HEVROF01",
            "HEVROF02",
            "HEVROF03",
            "HEVROF04",
            "ARMRBODY",
            "ARMRHELM",
            "ARMRSHLD",
            "ARMRSWRD",
            "CYCLOPSS",
            "STNESTA1",
            "STNESTA2",
            "STNESTA3",
            "STNESTA4",
            "CAGDSTAT",
            "WHCCOLDS",
            "HURCLULS",
            "MDUSASTA",
            "SKELETO1",
            "SKELETO2",
            "SKELETO3",
            "ARGONAU1",
            "ARGONAU2",
            "ARGONAU3",
            "VALKRI01",
            "VALKRI02",
            "ALLSEEYE",
            "CHANMAID",
            "KILLRVIN",
            "FORBIDFT",
            "ASHNYMPH",
            "GOLDFLEC",
            "HADESXXX",
            "MINOTAUR",
            "TITANSTA",
            "ZEUSSTAT"
        ],
        "priority": 25,
        "entertainerCostumes": "roman"
    },
    "images": ["$RCT2:OBJDATA/SCGMYTHO.DAT[0..1]"],
    "strings": {
        "name": {
            "en-GB": "Mythological Themeing",
            "fr-FR": "Thème de la mythologie",
            "de-DE": "Thema Mythologie",
            "es-ES": "Tema mitológico",
            "it-IT": "Tema mitologico",
            "nl-NL": "Mythologisch thema",
            "sv-SE": "Mytologiskt tema",
            "ko-KR": "신화 테마",
            "zh-TW": "神話主題區",
            "pt-BR": "Temática Mitológica",
            "cs-CZ": "Mytologie",
            "pl-PL": "Wystrój mitologiczny",
            "ru-RU": "Мифология"
        }
    }
}
