{
    "id": "rct2.tt.cerberus",
    "authors": ["Frontier Studios"],
    "version": "1.0",
    "originalId": "0E24F820|CERBERUS|7CE9E834",
    "sourceGame": "rct2tt",
    "objectType": "ride",
    "properties": {
        "type": "twister_rc",
        "category": "rollercoaster",
        "noInversions": true,
        "minCarsPerTrain": 4,
        "maxCarsPerTrain": 10,
        "numEmptyCars": 1,
        "tabCar": 1,
        "headCars": 1,
        "ratingMultipler": {
            "excitement": 15,
            "intensity": 3
        },
        "carColours": [
            [
                ["dark_green", "bordeaux_red", "yellow"]
            ],
            [
                ["light_purple", "black", "grey"]
            ],
            [
                ["light_orange", "bordeaux_red", "dark_yellow"]
            ],
            [
                ["bright_red", "light_brown", "black"]
            ]
        ],
        "cars": [
            {
                "rotationFrameMask": 31,
                "spacing": 148172,
                "mass": 680,
                "numSeats": 4,
                "numSeatRows": 2,
                "frictionSoundId": 57,
                "soundRange": 0,
                "drawOrder": 8,
                "frames": {
                    "flat": true,
                    "gentleSlopes": true,
                    "steepSlopes": true,
                    "verticalSlopes": true,
                    "diagonalSlopes": true,
                    "flatBanked": true,
                    "flatToGentleSlopeBankedTransitions": true,
                    "diagonalGentleSlopeBankedTransitions": true,
                    "gentleSlopeBankedTransitions": true,
                    "gentleSlopeBankedTurns": true,
                    "flatToGentleSlopeWhileBankedTransitions": true,
                    "restraintAnimation": true
                },
                "VEHICLE_ENTRY_FLAG_ENABLE_ADDITIONAL_COLOUR_2": true,
                "VEHICLE_ENTRY_FLAG_ENABLE_ADDITIONAL_COLOUR_1": true,
                "VEHICLE_ENTRY_FLAG_RIDERS_SCREAM": true,
                "loadingPositions": [-2, -4, -2, -4]
            },
            {
                "rotationFrameMask": 31,
                "spacing": 130740,
                "mass": 525,
                "frictionSoundId": 57,
                "soundRange": 0,
                "drawOrder": 8,
                "frames": {
                    "flat": true,
                    "gentleSlopes": true,
                    "steepSlopes": true,
                    "verticalSlopes": true,
                    "diagonalSlopes": true,
                    "flatBanked": true,
                    "flatToGentleSlopeBankedTransitions": true,
                    "diagonalGentleSlopeBankedTransitions": true,
                    "gentleSlopeBankedTransitions": true,
                    "gentleSlopeBankedTurns": true,
                    "flatToGentleSlopeWhileBankedTransitions": true
                },
                "VEHICLE_ENTRY_FLAG_ENABLE_ADDITIONAL_COLOUR_2": true,
                "VEHICLE_ENTRY_FLAG_ENABLE_ADDITIONAL_COLOUR_1": true,
                "VEHICLE_ENTRY_FLAG_RIDERS_SCREAM": true
            }
        ]
    },
    "images": ["$RCT2:OBJDATA/CERBERUS.DAT[0..2870]"],
    "strings": {
        "name": {
            "en-GB": "Cerberus Trains",
            "fr-FR": "Le cerbère",
            "de-DE": "Zerberus-Achterbahn",
            "es-ES": "Montaña rusa Cerbero",
            "it-IT": "Ottovolante Cerbero",
            "nl-NL": "Cerberustrein",
            "sv-SE": "Kerberos",
            "ko-KR": "케르베로스 차량",
            "zh-TW": "三頭狗雲霄飛車",
            "pt-BR": "Trens Cérbero",
            "cs-CZ": "Kerberosova horská dráha",
            "pl-PL": "Cerber",
            "ru-RU": "Горки Цербер"
        },
        "description": {
            "en-GB": "Sitting in comfortable trains with only simple lap restraints riders enjoy giant smooth drops and twisting track as well as plenty of 'air time' over the hills",
            "fr-FR": "Retenus uniquement par les jambes dans des voitures confortables, les visiteurs effectuent des descentes géantes le long d'un tracé sinueux et décollent de leur siège en haut des collines",
            "de-DE": "In bequemen Wagen mit einfacher Rückhaltevorrichtung genießen die Fahrgäste sanfte Stürze, eine kurvenreiche Strecke und einen schönen, ausgedehnten Ausblick über die Hügel.",
            "es-ES": "Sentados en cómodos vagones con sujeciones simples, los viajeros disfrutan de grandes y suaves caídas así como de giros y gran cantidad de momentos de caída libre en los puntos superiores.",
            "it-IT": "Seduti comodamente - il solo limite è che si può effettuare un solo giro alla volta - i passeggeri affrontano dolci discese e numerose curve, sperimentando una piacevole sensazione di assenza di gravità.",
            "nl-NL": "Bezoekers zitten in comfortabele treinen met enkel eenvoudige schootbeugels terwijl ze door soepele afdalingen gaan.",
            "sv-SE": "Passagerarna sitter i bekväma tåg med enbart enkla knästöd vilket möjliggör långa, mjuka fall, slingrande svängar och dessutom gott om lufttid över krönen.",
            "ko-KR": "탑승객들이 간단한 무릎 안전바만 있는 부드러운 열차에 타고 언덕을 넘으며, 많은 무중력 시간과 함께 크고 부드러운 낙하와 꼬여있는 트랙을 즐기는 놀이기구",
            "zh-TW": "坐在只有單純循環設施的舒適列車中，享受著列車平穩地下降及轉彎和在山丘上空遊覽的空中時間。",
            "pt-BR": "Sentados em trens confortáveis com proteção de colo simples, os visitantes passam por grandes e suaves quedas e pistas sinuosas, além de bastante 'tempo aéreo' nas colinas",
            "cs-CZ": "Horská dráha s dlouhými pády, velkou rychlostí a pohodlnými vlaky, kde se jezdí s opěrkou v klíně, která přelétává vrcholky kopců",
            "pl-PL": "Pasażerowie jadą w wygodnych wagonikach z zabezpieczeniami obejmującymi w pasie, pokonując wielkie gładkie zjazdy i skomplikowane zakręty, a także liczne wzloty nad wzniesieniami",
            "ru-RU": "Сидя в удобном поезде, люди наслаждаются плавными спусками и парением над горами."
        },
        "capacity": {
            "en-GB": "4 passengers per car",
            "fr-FR": "4 passagers par voiture",
            "de-DE": "4 Fahrgäste pro Wagen",
            "es-ES": "4 pasajeros por coche",
            "it-IT": "4 passeggeri per carrozza",
            "nl-NL": "4 passagiers per karretje",
            "sv-SE": "4 passagerare per vagn",
            "ko-KR": "차량당 4명의 승객",
            "zh-TW": "每輛車限乘4人",
            "pt-BR": "4 passageiros por vagão",
            "cs-CZ": "4 místa v každém voze",
            "pl-PL": "4 pasażerów na wagonik",
            "ru-RU": "4 человека в вагоне"
        }
    }
}
