{
    "id": "rct2.tt.pterodac",
    "authors": ["Frontier Studios"],
    "version": "1.0",
    "originalId": "0E24F720|PTERODAC|83F40281",
    "sourceGame": "rct2tt",
    "objectType": "ride",
    "properties": {
        "type": "flying_rc",
        "category": "rollercoaster",
        "limitAirTimeBonus": true,
        "minCarsPerTrain": 3,
        "maxCarsPerTrain": 7,
        "carColours": [
            [
                ["bright_red", "yellow", "dark_purple"]
            ],
            [
                ["teal", "grey", "black"]
            ]
        ],
        "cars": [
            {
                "rotationFrameMask": 31,
                "spacing": 183036,
                "mass": 950,
                "numSeats": 4,
                "numSeatRows": 2,
                "frictionSoundId": 57,
                "soundRange": 0,
                "drawOrder": 6,
                "frames": {
                    "flat": true,
                    "gentleSlopes": true,
                    "steepSlopes": true,
                    "verticalSlopes": true,
                    "diagonalSlopes": true,
                    "flatBanked": true,
                    "inlineTwists": true,
                    "flatToGentleSlopeBankedTransitions": true,
                    "diagonalGentleSlopeBankedTransitions": true,
                    "gentleSlopeBankedTransitions": true,
                    "gentleSlopeBankedTurns": true,
                    "flatToGentleSlopeWhileBankedTransitions": true,
                    "restraintAnimation": true
                },
                "VEHICLE_ENTRY_FLAG_HAS_INVERTED_SPRITE_SET": true,
                "VEHICLE_ENTRY_FLAG_ENABLE_ADDITIONAL_COLOUR_2": true,
                "VEHICLE_ENTRY_FLAG_13": true,
                "VEHICLE_ENTRY_FLAG_ENABLE_ADDITIONAL_COLOUR_1": true,
                "VEHICLE_ENTRY_FLAG_RIDERS_SCREAM": true,
                "loadingPositions": [2, -2, 2, -2]
            },
            {
                "rotationFrameMask": 31,
                "spacing": 183036,
                "mass": 900,
                "numSeats": 4,
                "numSeatRows": 2,
                "frictionSoundId": 57,
                "soundRange": 0,
                "drawOrder": 2,
                "frames": {
                    "flat": true,
                    "gentleSlopes": true,
                    "steepSlopes": true,
                    "verticalSlopes": true,
                    "diagonalSlopes": true,
                    "flatBanked": true,
                    "inlineTwists": true,
                    "flatToGentleSlopeBankedTransitions": true,
                    "diagonalGentleSlopeBankedTransitions": true,
                    "gentleSlopeBankedTransitions": true,
                    "gentleSlopeBankedTurns": true,
                    "flatToGentleSlopeWhileBankedTransitions": true,
                    "restraintAnimation": true
                },
                "VEHICLE_ENTRY_FLAG_HAS_INVERTED_SPRITE_SET": true,
                "VEHICLE_ENTRY_FLAG_ENABLE_ADDITIONAL_COLOUR_2": true,
                "VEHICLE_ENTRY_FLAG_ENABLE_ADDITIONAL_COLOUR_1": true,
                "VEHICLE_ENTRY_FLAG_RIDERS_SCREAM": true,
                "loadingPositions": [2, -2, 2, -2]
            }
        ]
    },
    "images": ["$RCT2:OBJDATA/PTERODAC.DAT[0..4562]"],
    "strings": {
        "name": {
            "en-GB": "Pterodactyl Trains",
            "fr-FR": "Le ptérodactyle",
            "de-DE": "Pterodaktylus-Achterbahn",
            "es-ES": "Montaña rusa Pterodáctilo",
            "it-IT": "Ottovolante Pterodattilo",
            "nl-NL": "Pterodactyltrein",
            "sv-SE": "Pterodaktyl",
            "ko-KR": "익룡 차량",
            "zh-TW": "翼手龍雲霄飛車",
            "pt-BR": "Trens Pterodáctilo",
            "cs-CZ": "Pterodaktylská horská dráha",
            "pl-PL": "Pterodaktylot",
            "ru-RU": "Птеродактиль"
        },
        "description": {
            "en-GB": "Riders are held in comfortable seats below the track, travelling through twisted track to give the ultimate prehistoric flying experience",
            "fr-FR": "Les passagers sont confortablement assis et voyagent suspendus à une voie en zigzag offrant des sensations de vol préhistorique",
            "de-DE": "Die Fahrer sitzen in bequemen Sitzen unterhalb der verschlungenen Strecke mit ultimativer prähistorischer Flugerfahrung.",
            "es-ES": "Los pasajeros se acomodan en asientos debajo de la vía, viajando por un retorcido circuito que les proporciona la experiencia definitiva de vuelo prehistórico.",
            "it-IT": "I passeggeri siedono su comodi sedili posti sotto il tracciato e corrono lungo una pista piena di curve che garantisce loro un'esperienza di volo preistorico.",
            "nl-NL": "Bezoekers hangen in comfortabele treinen onder de baan met enkel schouderbeugels en krijgen zo de ultieme prehistorische vliegervaring.",
            "sv-SE": "Passagerarna sitter i bekväma säten under spåret och färdas genom slingriga kurvor i en förstklassig urtidsflygtur.",
            "ko-KR": "탑승객에게 정말로 선사 시대를 나는 듯한 경험을 주기 위해, 트랙 밑에 달린 편안한 좌석에 앉아서 꼬여있는 트랙을 따라 움직이는 놀이기구",
            "zh-TW": "乘客被固定軌道下的舒適座位,途經穿過最終極瘋狂軌道的史前飛行體驗",
            "pt-BR": "Os visitantes são mantidos em assentos confortáveis abaixo do trilho, viajando por uma pista sinuosa numa experiência definitiva de vôo pré-histórico",
            "cs-CZ": "Návštěvníci sedí v pohodlných sedadlech pod tratí cestující skrze propletenou dráhu, poskytující pocit prehistorického letu",
            "pl-PL": "Pasażerowie podróżują w wygodnych siedziskach zawieszonych pod torem, pokonując zawiły tor w odjazdowym locie prehistorycznym",
            "ru-RU": "Люди сидят в удобных креслах под треком и несутся по головокружительной трассе"
        },
        "capacity": {
            "en-GB": "4 passengers per car",
            "fr-FR": "4 passagers par voiture",
            "de-DE": "4 Fahrgäste pro Wagen",
            "es-ES": "4 pasajeros por coche",
            "it-IT": "4 passeggeri per carrozza",
            "nl-NL": "4 passagiers per karretje",
            "sv-SE": "4 passagerare per vagn",
            "ko-KR": "차량당 4명의 승객",
            "zh-TW": "每輛車限乘4人",
            "pt-BR": "4 passageiros por vagão",
            "cs-CZ": "4 místa v každém voze",
            "pl-PL": "4 pasażerów na wagonik",
            "ru-RU": "4 чел в кабинке"
        }
    }
}
