{
    "id": "rct2.tt.stamphrd",
    "authors": ["Frontier Studios"],
    "version": "1.0",
    "originalId": "0E24F720|STAMPHRD|8C185561",
    "sourceGame": "rct2tt",
    "objectType": "ride",
    "properties": {
        "type": "stand_up_rc",
        "category": "rollercoaster",
        "limitAirTimeBonus": true,
        "minCarsPerTrain": 2,
        "maxCarsPerTrain": 9,
        "numEmptyCars": 1,
        "defaultCar": 1,
        "headCars": 0,
        "tailCars": 2,
        "carColours": [
            [
                ["yellow", "bright_red", "black"]
            ],
            [
                ["bright_red", "white", "black"]
            ],
            [
                ["light_blue", "yellow", "black"]
            ]
        ],
        "cars": [
            {
                "rotationFrameMask": 31,
                "spacing": 217900,
                "mass": 730,
                "numSeats": 4,
                "numSeatRows": 2,
                "frictionSoundId": 2,
                "soundRange": 2,
                "drawOrder": 7,
                "frames": {
                    "flat": true,
                    "gentleSlopes": true,
                    "steepSlopes": true,
                    "verticalSlopes": true,
                    "diagonalSlopes": true,
                    "flatBanked": true,
                    "flatToGentleSlopeBankedTransitions": true,
                    "diagonalGentleSlopeBankedTransitions": true,
                    "corkscrews": true,
                    "restraintAnimation": true
                },
                "VEHICLE_ENTRY_FLAG_ENABLE_ADDITIONAL_COLOUR_1": true,
                "VEHICLE_ENTRY_FLAG_RIDERS_SCREAM": true,
                "loadingPositions": [6, 8, -4, -2]
            },
            {
                "rotationFrameMask": 31,
                "spacing": 200468,
                "mass": 730,
                "numSeats": 4,
                "numSeatRows": 2,
                "frictionSoundId": 2,
                "soundRange": 2,
                "drawOrder": 7,
                "frames": {
                    "flat": true,
                    "gentleSlopes": true,
                    "steepSlopes": true,
                    "verticalSlopes": true,
                    "diagonalSlopes": true,
                    "flatBanked": true,
                    "flatToGentleSlopeBankedTransitions": true,
                    "diagonalGentleSlopeBankedTransitions": true,
                    "corkscrews": true,
                    "restraintAnimation": true
                },
                "VEHICLE_ENTRY_FLAG_ENABLE_ADDITIONAL_COLOUR_1": true,
                "VEHICLE_ENTRY_FLAG_RIDERS_SCREAM": true,
                "loadingPositions": [6, 8, -4, -2]
            },
            {
                "rotationFrameMask": 31,
                "spacing": 17432,
                "mass": 50,
                "frictionSoundId": 2,
                "soundRange": 0,
                "drawOrder": 8,
                "frames": {
                    "flat": true,
                    "gentleSlopes": true,
                    "steepSlopes": true,
                    "verticalSlopes": true,
                    "diagonalSlopes": true,
                    "flatBanked": true,
                    "flatToGentleSlopeBankedTransitions": true,
                    "diagonalGentleSlopeBankedTransitions": true,
                    "corkscrews": true
                }
            }
        ]
    },
    "images": ["$RCT2:OBJDATA/STAMPHRD.DAT[0..4470]"],
    "strings": {
        "name": {
            "en-GB": "Stampeding Herd Trains",
            "fr-FR": "La course du troupeau",
            "de-DE": "Flüchtende Herde-Züge",
            "es-ES": "Montaña rusa Estampida",
            "it-IT": "Ottovolante del branco in fuga",
            "nl-NL": "Stormende kudde-trein",
            "sv-SE": "Rusande flock",
            "ko-KR": "공룡 무리 차량",
            "zh-TW": "獸群狂奔雲霄飛車",
            "pt-BR": "Trens Rebanho de Estamparia",
            "cs-CZ": "Horská dráha splašeného stáda",
            "pl-PL": "Rozszalałe stado",
            "ru-RU": "Стадные горки"
        },
        "description": {
            "en-GB": "A looping roller coaster with vehicles in the shape of a stampeding dinosaur herd.",
            "fr-FR": "Grand huit où les véhicules représentent un troupeau de dinosaures en fuite.",
            "de-DE": "Eine Achterbahn mit Loopings in Form einer flüchtenden Dinosaurierherde.",
            "es-ES": "Una montaña rusa llena de bucles, con vehículos en forma de rebaños de dinosaurios en estampida.",
            "it-IT": "Un ottovolante con giro della morte a forma di branco di dinosauri in preda al panico.",
            "nl-NL": "Een achtbaan met loopings en voertuigen in de vorm van een op holgeslagen kudde dinosaurussen.",
            "sv-SE": "En berg- och dalbana med loopar och vagnar som ser ut som en framrusande dinosaurieflock.",
            "ko-KR": "질주하는 공룡 무리 모습의 차량을 타고 가는 루핑 롤러 코스터",
            "zh-TW": "一座外形為狂奔恐龍群迴圈式雲霄飛車。",
            "pt-BR": "Uma montanha-russa com loop com veículos na forma de hordas de Dinossauros correndo",
            "cs-CZ": "Horská dráha s loopingy a vozy ve tvaru splašeného stáda dinosaurů",
            "pl-PL": "Kolejka górska z pętlami i wagonikami w kształcie rozszalałego stada dinozaurów.",
            "ru-RU": "Круговые горки с вагончиками в виде динозавров."
        },
        "capacity": {
            "en-GB": "4 passengers per car",
            "fr-FR": "4 passagers par voiture",
            "de-DE": "4 Fahrgäste pro Wagen",
            "es-ES": "4 pasajeros por coche",
            "it-IT": "4 passeggeri per carrozza",
            "nl-NL": "4 passagiers per wagentje",
            "sv-SE": "4 passagerare per vagn",
            "ko-KR": "차량당 4명의 승객",
            "zh-TW": "每輛車限乘4人",
            "pt-BR": "4 passageiros por vagão",
            "cs-CZ": "4 místa v každém voze",
            "pl-PL": "4 pasażerów na wagonik",
            "ru-RU": "4 чел. в вагоне"
        }
    }
}
