{
    "id": "rct2.tt.flwrpowr",
    "authors": ["Frontier Studios"],
    "version": "1.0",
    "originalId": "0E24FA20|FLWRPOWR|B620436B",
    "sourceGame": "rct2tt",
    "objectType": "ride",
    "properties": {
        "type": "flying_saucers",
        "category": "gentle",
        "carsPerFlatRide": 12,
        "ratingMultipler": {
            "excitement": 75,
            "intensity": 40,
            "nausea": 10
        },
        "carColours": [
            [
                ["white", "light_orange", "black"]
            ],
            [
                ["light_purple", "bright_red", "black"]
            ]
        ],
        "cars": {
            "rotationFrameMask": 31,
            "spacing": 139456,
            "mass": 190,
            "numSeats": 1,
            "numSeatRows": 1,
            "poweredAcceleration": 9,
            "poweredMaxSpeed": 20,
            "drawOrder": 7,
            "frames": {
                "flat": true
            },
            "VEHICLE_ENTRY_FLAG_ENABLE_ADDITIONAL_COLOUR_2": true,
            "VEHICLE_ENTRY_FLAG_ENABLE_ADDITIONAL_COLOUR_1": true,
            "VEHICLE_ENTRY_FLAG_POWERED": true,
            "VEHICLE_ENTRY_FLAG_BOAT_HIRE_COLLISION_DETECTION": true,
            "VEHICLE_ENTRY_FLAG_DODGEM_CAR_PLACEMENT": true,
            "loadingPositions": [0]
        }
    },
    "images": ["$RCT2:OBJDATA/FLWRPOWR.DAT[0..66]"],
    "strings": {
        "name": {
            "en-GB": "Flower Power Ride",
            "fr-FR": "Flower Power",
            "de-DE": "Flower Power-Attraktion",
            "es-ES": "Viaje de poder de las flores",
            "it-IT": "Corsa floreale",
            "nl-NL": "Flowerpower-schotels",
            "sv-SE": "Flower power",
            "ko-KR": "가든 파워 라이드",
            "zh-TW": "花的魅力遊樂設施",
            "pt-BR": "Brinquedo Paz e Amor",
            "cs-CZ": "Květinová vznášedla",
            "pl-PL": "Dzieci Kwiaty",
            "ru-RU": "Цветок"
        },
        "description": {
            "en-GB": "Small flower shaped dinghies powered by a centrally-mounted motor controlled by the passengers",
            "fr-FR": "Petits canots pneumatiques en forme de fleurs alimentés par un moteur central que contrôlent les passagers",
            "de-DE": "Kleine Schlauchboote in Blumenform, die durch einen in der Mitte angebrachten Motor betrieben und von den Fahrgästen gesteuert werden.",
            "es-ES": "Pequeños botes decorados como flores controlados por un monitor central que controlan los pasajeros.",
            "it-IT": "Piccoli fiori a forma di canotti circolari, alimentati da un motore montato al centro e controllati dai passeggeri.",
            "nl-NL": "Vliegende schotels in de vorm van een bloem die de passagiers zelf besturen",
            "sv-SE": "Små blomformade jollar drivna av en centralt monterad motor som kontrolleras av passagerarna.",
            "ko-KR": "중앙 모터에 의해 움직이며 탑승객이 조종할 수 있는 꽃 모양의 작은 보트",
            "zh-TW": "由乘客操縱花朵外形,中央嵌有馬達的小艇",
            "pt-BR": "Pequenos barcos em forma de flores alimentados por um motor central controlado pelos passageiros",
            "cs-CZ": "Autodrom se vznášedly ve tvaru květů květin",
            "pl-PL": "Małe pontony w kształcie kwiatów, napędzane centralnie montowanym silnikiem, którym sterują pasażerowie",
            "ru-RU": "Небольшие цветочные шлюпки с моторчиками управляются пассажирами"
        },
        "capacity": {
            "en-GB": "1 passenger per car",
            "fr-FR": "1 passager par voiture",
            "de-DE": "1 Fahrgast pro Wagen",
            "es-ES": "1 pasajero por coche",
            "it-IT": "1 passeggero per carrozza",
            "nl-NL": "1 passagier per karretje",
            "sv-SE": "1 passagerare per vagn",
            "ko-KR": "차량당 승객 1명",
            "zh-TW": "每輛車限乘1人",
            "pt-BR": "1 passageiro por vagão",
            "cs-CZ": "1 místo v každém voze",
            "pl-PL": "1 osoba na ponton",
            "ru-RU": "1 человек"
        }
    }
}
