{
    "id": "rct2.tt.moonjuce",
    "authors": ["Frontier Studios"],
    "version": "1.0",
    "originalId": "0E24FB20|MOONJUCE|6C54E05B",
    "sourceGame": "rct2tt",
    "objectType": "ride",
    "properties": {
        "type": "drink_stall",
        "category": "stall",
        "sells": "drink",
        "disablePainting": true,
        "carsPerFlatRide": 1,
        "carColours": [
            [
                ["black", "black", "black"]
            ]
        ]
    },
    "images": ["$RCT2:OBJDATA/MOONJUCE.DAT[0..6]"],
    "strings": {
        "name": {
            "en-GB": "Moon Juice",
            "fr-FR": "Boissons lunaires",
            "de-DE": "Mondsaft",
            "es-ES": "Zumo de luna",
            "it-IT": "Spremuta lunare",
            "nl-NL": "Maansap",
            "sv-SE": "Månjuice",
            "ko-KR": "달빛 주스",
            "zh-TW": "月球果汁",
            "pt-BR": "Suco da Lua",
            "cs-CZ": "Šťáva z Měsíce",
            "pl-PL": "Sok z Księżyca",
            "ru-RU": "Лунный Сок"
        },
        "description": {
            "en-GB": "A stall selling the latest soft drinks",
            "fr-FR": "Un bar proposant les boissons les plus branchées",
            "de-DE": "Ein Stand, der die neuesten Softdrinks verkauft",
            "es-ES": "Un puesto en el que se vende lo último en bebidas suaves",
            "it-IT": "Chiosco con le bevande analcoliche più nuove.",
            "nl-NL": "Een kraam waar de nieuwste soorten frisdrank worden verkocht.",
            "sv-SE": "Stånd som säljer de senaste läskedryckerna.",
            "ko-KR": "최신 청량음료를 파는 가게",
            "zh-TW": "販賣最新的碳酸飲料的攤位",
            "pt-BR": "Um quiosque vendendo as novidades em refrigerantes",
            "cs-CZ": "Stánek prodávající nejnovější slazené nápoje",
            "pl-PL": "Stoisko sprzedające najnowsze napoje bezalkoholowe",
            "ru-RU": "Палатка с напитками"
        }
    }
}
