{
    "id": "rct2.tt.jetplane",
    "authors": ["Frontier Studios"],
    "version": "1.0",
    "originalId": "0E24FA20|JETPLANE|27A7754A",
    "sourceGame": "rct2tt",
    "objectType": "ride",
    "properties": {
        "type": "mini_rc",
        "category": "rollercoaster",
        "carColours": [
            [
                ["olive_green", "saturated_brown", "bright_red"],
                ["bordeaux_red", "saturated_brown", "bright_red"],
                ["light_purple", "saturated_brown", "bright_red"],
                ["black", "saturated_brown", "bright_red"],
                ["salmon_pink", "saturated_brown", "bright_red"],
                ["light_blue", "saturated_brown", "bright_red"],
                ["light_pink", "saturated_brown", "bright_red"],
                ["yellow", "saturated_brown", "bright_red"],
                ["olive_green", "saturated_brown", "bright_red"],
                ["bordeaux_red", "saturated_brown", "bright_red"],
                ["light_purple", "saturated_brown", "bright_red"],
                ["black", "saturated_brown", "bright_red"],
                ["salmon_pink", "saturated_brown", "bright_red"],
                ["light_blue", "saturated_brown", "bright_red"],
                ["light_pink", "saturated_brown", "bright_red"],
                ["yellow", "saturated_brown", "bright_red"],
                ["olive_green", "saturated_brown", "bright_red"],
                ["bordeaux_red", "saturated_brown", "bright_red"],
                ["light_purple", "saturated_brown", "bright_red"],
                ["black", "saturated_brown", "bright_red"],
                ["salmon_pink", "saturated_brown", "bright_red"],
                ["light_blue", "saturated_brown", "bright_red"],
                ["light_pink", "saturated_brown", "bright_red"],
                ["yellow", "saturated_brown", "bright_red"],
                ["olive_green", "saturated_brown", "bright_red"],
                ["bordeaux_red", "saturated_brown", "bright_red"],
                ["light_purple", "saturated_brown", "bright_red"],
                ["black", "saturated_brown", "bright_red"],
                ["salmon_pink", "saturated_brown", "bright_red"],
                ["light_blue", "saturated_brown", "bright_red"],
                ["light_pink", "saturated_brown", "bright_red"],
                ["yellow", "saturated_brown", "bright_red"]
            ]
        ],
        "cars": {
            "rotationFrameMask": 31,
            "spacing": 278912,
            "mass": 700,
            "numSeats": 4,
            "numSeatRows": 2,
            "frictionSoundId": 2,
            "soundRange": 2,
            "drawOrder": 6,
            "frames": {
                "flat": true,
                "gentleSlopes": true,
                "steepSlopes": true,
                "diagonalSlopes": true,
                "flatBanked": true,
                "flatToGentleSlopeBankedTransitions": true,
                "diagonalGentleSlopeBankedTransitions": true,
                "gentleSlopeBankedTransitions": true,
                "gentleSlopeBankedTurns": true,
                "flatToGentleSlopeWhileBankedTransitions": true,
                "restraintAnimation": true
            },
            "VEHICLE_ENTRY_FLAG_ENABLE_ADDITIONAL_COLOUR_1": true,
            "VEHICLE_ENTRY_FLAG_RIDERS_SCREAM": true,
            "loadingPositions": [5, 3, -5, -3]
        }
    },
    "images": ["$RCT2:OBJDATA/JETPLANE.DAT[0..1814]"],
    "strings": {
        "name": {
            "en-GB": "Jet Plane Cars",
            "fr-FR": "Avion à réaction",
            "de-DE": "Düsenflugzeug-Achterbahn",
            "es-ES": "Montaña rusa avión a reacción",
            "it-IT": "Ottovolante aviogetto",
            "nl-NL": "Straalvliegtuigachtbaan",
            "sv-SE": "Jetbana",
            "ko-KR": "제트여객기 차량",
            "zh-TW": "噴射機雲霄飛車",
            "pt-BR": "Carros Avião a Jato",
            "ar-EG": "سيارات الطائرات النفاثة",
            "cs-CZ": "Stíhačková horské dráha",
            "pl-PL": "Lot odrzutowcem",
            "ru-RU": "Горки-Самолет"
        },
        "description": {
            "en-GB": "A compact roller coaster with individual cars and smooth twisting drops",
            "fr-FR": "Des voitures individuelles descendent des pentes régulières en virage",
            "de-DE": "Eine kompakte Achterbahn mit individuellen Wagen und sanften, gewundenen Abfahrten",
            "es-ES": "Una montaña rusa compacta con vagones individuales y suaves caídas en espiral.",
            "it-IT": "Un ottovolante compatto con carrozze individuali e rapide curve in discesa.",
            "nl-NL": "Een compacte achtbaan met individuele karretjes en steile, kronkelende afdalingen.",
            "sv-SE": "En kompakt berg- och dalbana med individuella vagnar och mjuka, slingrande fall.",
            "ko-KR": "개별적인 차량이 부드러운 트위스트 낙하를 짜임새 있게 내려오는 롤러코스터",
            "zh-TW": "一座以個人列車在小巧型雲霄飛車設施上平緩地旋轉落下。",
            "pt-BR": "Uma montanha-russa compacta com vagões individuais e quedas sinuosas",
            "cs-CZ": "Malá horská dráha, na které vozy po jednom projíždí trať s kroucenými pády",
            "pl-PL": "Zwarta przestrzennie kolejka górska z oddzielnymi wagonikami i gładkimi, krętymi zjazdami",
            "ru-RU": "Небольшие горки с отдельными кабинками и плавными перепадами."
        },
        "capacity": {
            "en-GB": "4 passengers per car",
            "fr-FR": "4 passagers par voiture",
            "de-DE": "4 Fahrgäste pro Wagen",
            "es-ES": "4 pasajeros por coche",
            "it-IT": "4 passeggeri per carrozza",
            "nl-NL": "4 passagiers per karretje",
            "sv-SE": "4 passagerare per vagn",
            "ko-KR": "차량당 4명의 승객",
            "zh-TW": "每輛車限乘4人",
            "pt-BR": "4 passageiros por vagão",
            "cs-CZ": "4 místa v každém voze",
            "pl-PL": "4 pasażerów na wagonik",
            "ru-RU": "4 чел. в вагоне"
        }
    }
}
