{
    "id": "rct2.tt.trebucht",
    "authors": ["Frontier Studios"],
    "version": "1.0",
    "originalId": "0E24F820|TREBUCHT|4056417D",
    "sourceGame": "rct2tt",
    "objectType": "ride",
    "properties": {
        "type": "top_spin",
        "category": "thrill",
        "carsPerFlatRide": 1,
        "carColours": [
            [
                ["black", "bright_red", "black"]
            ],
            [
                ["black", "yellow", "black"]
            ]
        ],
        "cars": {
            "rotationFrameMask": 15,
            "spacing": 139456,
            "mass": 3000,
            "numSeats": 8,
            "spriteWidth": 63,
            "spriteHeightNegative": 128,
            "spriteHeightPositive": 28,
            "carVisual": 1,
            "drawOrder": 6,
            "frames": {
                "flat": true
            },
            "VEHICLE_ENTRY_FLAG_10": true,
            "VEHICLE_ENTRY_FLAG_ENABLE_ADDITIONAL_COLOUR_1": true,
            "numSegments": 0,
            "loadingWaypoints": [
                [
                    [40, 40],
                    [-40, 40],
                    [-16, 0]
                ],
                [
                    [-40, -40],
                    [-16, 0],
                    [-16, 0]
                ],
                [
                    [-16, 0],
                    [-16, 0],
                    [-16, 0]
                ],
                [
                    [-40, 40],
                    [-16, 0],
                    [-16, 0]
                ],
                [
                    [40, 40],
                    [0, 12],
                    [0, 12]
                ],
                [
                    [40, -40],
                    [40, 40],
                    [0, 12]
                ],
                [
                    [-40, 40],
                    [0, 12],
                    [0, 12]
                ],
                [
                    [0, 12],
                    [0, 12],
                    [0, 12]
                ],
                [
                    [12, 0],
                    [12, 0],
                    [12, 0]
                ],
                [
                    [40, -40],
                    [12, 0],
                    [12, 0]
                ],
                [
                    [-40, -40],
                    [40, -40],
                    [12, 0]
                ],
                [
                    [40, 40],
                    [12, 0],
                    [12, 0]
                ],
                [
                    [40, -40],
                    [0, -16],
                    [0, -16]
                ],
                [
                    [0, -16],
                    [0, -16],
                    [0, -16]
                ],
                [
                    [-40, -40],
                    [0, -16],
                    [0, -16]
                ],
                [
                    [-40, 40],
                    [-40, -40],
                    [0, -16]
                ]
            ]
        }
    },
    "images": ["$RCT2:OBJDATA/TREBUCHT.DAT[0..578]"],
    "strings": {
        "name": {
            "en-GB": "Trebuchet Ride",
            "fr-FR": "La catapulte",
            "de-DE": "Katapult-Attraktion",
            "es-ES": "El viaje en el trabuco",
            "it-IT": "Corsa del trabocco",
            "nl-NL": "Trebuchet-topspin",
            "sv-SE": "Trebuchet",
            "ko-KR": "투석기 라이드",
            "zh-TW": "拋石機遊樂設施",
            "pt-BR": "Brinquedo Trebuchet",
            "cs-CZ": "Katapultující jízda",
            "pl-PL": "Trebuszowa jazda",
            "ru-RU": "Катапульта"
        },
        "description": {
            "en-GB": "Passengers ride in a carriage suspended by two large arms, based on a Dark Age Siege Weapon",
            "fr-FR": "Chariot suspendu à deux grands bras, inspiré d'une arme médiévale",
            "de-DE": "Die Fahrgäste fahren in einem Waggon, der von zwei langen Armen gehalten wird, basierend auf einer Belagerungswaffe aus dem finsteren Mittelalter.",
            "es-ES": "Los pasajeros viajan suspendidos en dos grandes brazos, basados en el arma de asedio medieval.",
            "it-IT": "I passeggeri viaggiano su una carrozza sospesa su due grandi bracci, che richiamano un'arma di assedio del periodo dell'Età Oscura.",
            "nl-NL": "Passagiers zitten in een gondel die is opgehangen aan grote roterende armen, gebaseerd op een middeleeuws belegeringswapen.",
            "sv-SE": "Passagerarna åker i en vagn baserad på ett medeltidsvapen, som hänger i två stora balkar.",
            "ko-KR": "승객들이 암흑 시대의 공성 병기를 기반으로 한 두 개의 거대한 팔에 달린 차량에 타는 놀이기구",
            "zh-TW": "乘客乘坐在依照黑暗時代圍城武器設計，以兩隻手臂懸吊的車廂中",
            "pt-BR": "Os passageiros viajam numa carruagem suspensa por dois grandes braços, baseada numa catapulta da Idade Média",
            "cs-CZ": "Návštěvníci sedí v gondole zavěšené na podpěrách, otáčející se dopředu a dozadu vzhůru nohama, která vypadá jako obléhací zbraň z dávných dob",
            "pl-PL": "Pasażerowie jadą w wózku zawieszonym na dwóch wielkich ramionach. Atrakcja w stylu średniowiecznej broni oblężniczej",
            "ru-RU": "Люди качаются в подвешенных вагончиках в стиле осадных орудий."
        },
        "capacity": {
            "en-GB": "8 passengers",
            "fr-FR": "8 passagers",
            "de-DE": "8 Fahrgäste",
            "es-ES": "8 pasajeros",
            "it-IT": "8 passeggeri",
            "nl-NL": "8 passagiers",
            "sv-SE": "8 passagerare",
            "ko-KR": "승객 8명",
            "zh-TW": "限乘8人",
            "pt-BR": "8 passageiros",
            "cs-CZ": "8 návštěvníků",
            "pl-PL": "8 pasażerów",
            "ru-RU": "8 человек"
        }
    }
}
