{
    "id": "rct2.tt.halofmrs",
    "authors": ["Frontier Studios"],
    "version": "1.0",
    "originalId": "0E24FA20|HALOFMRS|3229CEDD",
    "sourceGame": "rct2tt",
    "objectType": "ride",
    "properties": {
        "type": "crooked_house",
        "category": "gentle",
        "tabScale": 0.5,
        "hasShelter": true,
        "carsPerFlatRide": 1,
        "carColours": [
            [
                ["moss_green", "yellow", "black"]
            ]
        ],
        "cars": {
            "spacing": 139456,
            "mass": 3000,
            "numSeats": 5,
            "seatsInPairs": false,
            "spriteWidth": 55,
            "spriteHeightNegative": 150,
            "spriteHeightPositive": 28,
            "carVisual": 1,
            "drawOrder": 6,
            "frames": {
                "flat": true
            },
            "VEHICLE_ENTRY_FLAG_10": true,
            "numSegments": 0,
            "loadingWaypoints": [
                [
                    [40, 40],
                    [-40, 40],
                    [-36, 0]
                ],
                [
                    [-40, -40],
                    [-36, 0],
                    [-36, 0]
                ],
                [
                    [-36, 0],
                    [-36, 0],
                    [-36, 0]
                ],
                [
                    [-40, 40],
                    [-36, 0],
                    [-36, 0]
                ],
                [
                    [40, 40],
                    [0, 36],
                    [0, 36]
                ],
                [
                    [40, -40],
                    [40, 40],
                    [0, 36]
                ],
                [
                    [-40, 40],
                    [0, 36],
                    [0, 36]
                ],
                [
                    [0, 36],
                    [0, 36],
                    [0, 36]
                ],
                [
                    [36, 0],
                    [36, 0],
                    [36, 0]
                ],
                [
                    [40, -40],
                    [36, 0],
                    [36, 0]
                ],
                [
                    [-40, -40],
                    [40, -40],
                    [36, 0]
                ],
                [
                    [40, 40],
                    [36, 0],
                    [36, 0]
                ],
                [
                    [40, -40],
                    [0, -36],
                    [0, -36]
                ],
                [
                    [0, -36],
                    [0, -36],
                    [0, -36]
                ],
                [
                    [-40, -40],
                    [0, -36],
                    [0, -36]
                ],
                [
                    [-40, 40],
                    [-40, -40],
                    [0, -36]
                ]
            ]
        }
    },
    "images": ["$RCT2:OBJDATA/HALOFMRS.DAT[0..6]"],
    "strings": {
        "name": {
            "en-GB": "Hall of Mirrors",
            "fr-FR": "Palais des glaces",
            "de-DE": "Spiegelhalle",
            "es-ES": "Sala de los espejos",
            "it-IT": "Casa degli specchi",
            "nl-NL": "Spiegelpaleis",
            "sv-SE": "Spegelsal",
            "ko-KR": "거울의 방",
            "zh-TW": "鏡屋",
            "pt-BR": "Sala dos Espelhos",
            "cs-CZ": "Zrcadlové bludiště",
            "pl-PL": "Gabinet luster",
            "ru-RU": "Холл зеркал"
        },
        "description": {
            "en-GB": "Building containing warped mirrors which distort the reflection of the viewer",
            "fr-FR": "Bâtiment contenant des miroirs déformant l'apparence des visiteurs",
            "de-DE": "Ein Gebäude mit verzerrten Spiegeln, in denen der Betrachter sich neu entdecken lernt",
            "es-ES": "El edificio contiene espejos deformados que distorsionan el reflejo del observador.",
            "it-IT": "Un edificio composto da specchi curvi che deformano la figura riflessa dei visitatori.",
            "nl-NL": "Gebouw met gebogen spiegels die de weerspiegeling van de bezoekers vervormen.",
            "sv-SE": "Byggnad med skeva speglar som förvrider reflektionen av den som speglar sig.",
            "ko-KR": "보는 사람의 상을 왜곡시키는, 휘어진 거울이 있는 건물",
            "zh-TW": "建築物中有變形的鏡子,會將觀看鏡子的人的影響扭曲",
            "pt-BR": "Prédio contendo espelhos retorcidos que distorcem o reflexo de quem os vê",
            "cs-CZ": "Budova s pokřivenými zrcadly",
            "pl-PL": "Budynek z powykrzywianymi lustrami, zniekształcającymi odbicia gości",
            "ru-RU": "Здание с кривыми зеркалами, искажающими изображение"
        },
        "capacity": {
            "en-GB": "5 guests",
            "fr-FR": "5 visiteurs",
            "de-DE": "5 Gäste",
            "es-ES": "5 usuarios",
            "it-IT": "5 visitatori",
            "nl-NL": "5 bezoekers",
            "sv-SE": "5 besökare",
            "ko-KR": "손님 5명",
            "zh-TW": "5位遊客",
            "pt-BR": "5 visitantes",
            "cs-CZ": "5 návštěvníků",
            "pl-PL": "5 osób",
            "ru-RU": "5 чел."
        }
    }
}
