{
    "id": "rct2.tt.battrram",
    "authors": ["Frontier Studios"],
    "version": "1.0",
    "originalId": "0E24F820|BATTRRAM|BDB0D715",
    "sourceGame": "rct2tt",
    "objectType": "ride",
    "properties": {
        "type": "spiral_rc",
        "category": "rollercoaster",
        "maxCarsPerTrain": 4,
        "carColours": [
            [
                ["black", "yellow", "bordeaux_red"]
            ],
            [
                ["saturated_red", "bright_red", "black"]
            ],
            [
                ["grey", "white", "yellow"]
            ]
        ],
        "cars": {
            "rotationFrameMask": 31,
            "spacing": 383504,
            "mass": 1100,
            "numSeats": 6,
            "numSeatRows": 3,
            "frictionSoundId": 2,
            "soundRange": 2,
            "drawOrder": 5,
            "frames": {
                "flat": true,
                "gentleSlopes": true,
                "steepSlopes": true,
                "diagonalSlopes": true,
                "flatBanked": true,
                "flatToGentleSlopeBankedTransitions": true,
                "diagonalGentleSlopeBankedTransitions": true,
                "gentleSlopeBankedTransitions": true,
                "gentleSlopeBankedTurns": true,
                "flatToGentleSlopeWhileBankedTransitions": true,
                "curvedLiftHill": true
            },
            "VEHICLE_ENTRY_FLAG_ENABLE_ADDITIONAL_COLOUR_2": true,
            "VEHICLE_ENTRY_FLAG_ENABLE_ADDITIONAL_COLOUR_1": true,
            "VEHICLE_ENTRY_FLAG_RIDERS_SCREAM": true,
            "loadingPositions": [8, 6, -8, -6, 1, -1]
        }
    },
    "images": ["$RCT2:OBJDATA/BATTRRAM.DAT[0..2498]"],
    "strings": {
        "name": {
            "en-GB": "Battering Ram Trains",
            "fr-FR": "Le bélier",
            "de-DE": "Rammbock-Achterbahn",
            "es-ES": "Montaña rusa Ariete",
            "it-IT": "Ottovolante Ariete",
            "nl-NL": "Stormramkarretjes",
            "sv-SE": "Rusande murbräcka",
            "ko-KR": "공성 망치 차량",
            "zh-TW": "破城槌雲霄飛車",
            "pt-BR": "Trens Aríete",
            "cs-CZ": "Beranidlová horská dráha",
            "pl-PL": "Kolejka taranowa",
            "ru-RU": "Таранные горки"
        },
        "description": {
            "en-GB": "A compact steel-tracked roller coaster with a spiral lift hill and cars with in-line seating",
            "fr-FR": "Montagnes russes compactes et métalliques avec une remontée en spirale et des voitures disposant de sièges en ligne",
            "de-DE": "Eine kompakte Achterbahn auf Stahlträgern mit spiralförmigem Lifthügel und Wagen mit einreihigen Einsitzern.",
            "es-ES": "Una montaña rusa compacta, de metal, con una subida en espiral y coches con asientos en línea.",
            "it-IT": "Un ottovolante d'acciaio compatto, caratterizzato da una salita da traino a spirale e da carrozze con sedili in fila.",
            "nl-NL": "Een compacte achtbaan met een spiraalvormige kettingheuvel en karretjes waarin de passagiers achter elkaar zitten.",
            "sv-SE": "En kompakt berg-och dalbana med stålskena, spiralformad lyftbacke och vagnar med säten i rad.",
            "ko-KR": "한 줄로 된 좌석과 나선형 리프트 힐이 있는 강철 트랙 롤러코스터",
            "zh-TW": "一座以螺旋上升斜坡結合鋼鐵軌道的雲霄飛車且以成列就座的車輛運行",
            "pt-BR": "Uma montanha-russa compacta de aço com uma subida em espiral e vagões com assentos em linha",
            "cs-CZ": "Malá ocelová horská dráha se spirálovitým profilem a vozy se sedadly za sebou",
            "pl-PL": "Zwarta przestrzennie kolejka ze stalowymi torami, spiralnym podjazdem i siedzeniami ustawionymi jedno za drugim",
            "ru-RU": "Небольшие горки на стальном рельсе со спиральным подъёмом и вагончиками с сидениями в ряд."
        },
        "capacity": {
            "en-GB": "6 passengers per car",
            "fr-FR": "6 passagers par voiture",
            "de-DE": "6 Fahrgäste pro Wagen",
            "es-ES": "6 pasajeros por coche",
            "it-IT": "6 passeggeri per vettura",
            "nl-NL": "6 passagiers per karretje",
            "sv-SE": "6 passagerare per vagn",
            "ko-KR": "차량당 6명의 승객",
            "zh-TW": "每輛車限乘6人",
            "pt-BR": "6 passageiros por vagão",
            "cs-CZ": "6 míst v každém voze",
            "pl-PL": "6 pasażerów na wagonik",
            "ru-RU": "6 человек в вагоне"
        }
    }
}
