{
    "id": "rct2.tt.medientr",
    "authors": ["Frontier Studios"],
    "version": "1.0",
    "originalId": "0E24F928|MEDIENTR|0C237B4D",
    "sourceGame": "rct2tt",
    "objectType": "park_entrance",
    "properties": {
        "scrollingMode": 32,
        "textHeight": 80
    },
    "images": ["$RCT2:OBJDATA/MEDIENTR.DAT[0..11]"],
    "strings": {
        "name": {
            "en-GB": "Dark Age Entrance",
            "fr-FR": "Entrée médiévale",
            "de-DE": "Eingang zum Finsteren Mittelalter",
            "es-ES": "Entrada a Edad Media",
            "it-IT": "Entrata dell'Età Oscura",
            "nl-NL": "Parkingang in middeleeuwse stijl",
            "sv-SE": "Medeltida entré",
            "ko-KR": "암흑시대 공원 입구",
            "zh-TW": "黑暗時代入口",
            "pt-BR": "Entrada da Idade Média",
            "cs-CZ": "Starodávný vstup",
            "pl-PL": "Wejście do parku Mrocznych Wieków",
            "ru-RU": "Средневек. вход"
        }
    }
}
