{
    "id": "rct2.tt.futsky21",
    "authors": ["Frontier Studios"],
    "version": "1.0",
    "originalId": "0E24FA21|FUTSKY21|1BFE97FD",
    "sourceGame": "rct2tt",
    "objectType": "scenery_small",
    "properties": {
        "price": 8,
        "removalPrice": 4,
        "cursor": "CURSOR_STATUE_DOWN",
        "height": 32,
        "sceneryGroup": "SCGWALLS",
        "shape": "2/4",
        "SMALL_SCENERY_FLAG_VOFFSET_CENTRE": true,
        "requiresFlatSurface": true,
        "isRotatable": true,
        "isStackable": true,
        "prohibitWalls": true,
        "hasNoSupports": true
    },
    "images": ["$RCT2:OBJDATA/FUTSKY21.DAT[0..3]"],
    "strings": {
        "name": {
            "en-GB": "Sandstone Skyscraper Mid Wall Section",
            "fr-FR": "Section de mur médiane du gratte-ciel d'obsidienne",
            "de-DE": "Sandstein-Wolkenkratzer Mittelstück Mauer",
            "es-ES": "Sección de pared media de rascacielos de arenisca",
            "it-IT": "Sezione del muro di mezzo del grattacielo in arenaria",
            "nl-NL": "Muurgedeelte Midden Zandstenen Wolkenkrabber",
            "sv-SE": "Mittvägg, sandstensskyskrapa",
            "ko-KR": "사암 마천루 중간 벽 조각",
            "zh-TW": "黑曜石摩天大樓牆面區段中段",
            "pt-BR": "Seção Mediana de Parede de Arranha-Céu de Arenito",
            "cs-CZ": "Pískovcový mrakodrap - střední stěna",
            "pl-PL": "Wieżowiec z piaskowca - środkowy segment ściany",
            "ru-RU": "Деталь небоскрёба"
        }
    }
}
