{
    "id": "rct2.tt.wdncart2",
    "authors": ["Frontier Studios"],
    "version": "1.0",
    "originalId": "0E24F921|WDNCART2|D097E1CF",
    "sourceGame": "rct2tt",
    "objectType": "scenery_small",
    "properties": {
        "price": 28,
        "removalPrice": -22,
        "cursor": "CURSOR_STATUE_DOWN",
        "height": 32,
        "shape": "4/4",
        "SMALL_SCENERY_FLAG_VOFFSET_CENTRE": true,
        "requiresFlatSurface": true,
        "isRotatable": true,
        "isStackable": true
    },
    "images": ["$RCT2:OBJDATA/WDNCART2.DAT[0..3]"],
    "strings": {
        "name": {
            "en-GB": "Wooden Cart",
            "fr-FR": "Chariot en bois",
            "de-DE": "Holzwagen",
            "es-ES": "Carro de madera",
            "it-IT": "Carrello di legno",
            "nl-NL": "Houten kar",
            "sv-SE": "Trävagn",
            "ko-KR": "나무 수레",
            "zh-TW": "木製推車",
            "pt-BR": "Carroça de Madeira",
            "cs-CZ": "Dřevěný povoz",
            "pl-PL": "Wóz drewniany",
            "ru-RU": "Тележка"
        }
    }
}
