{
    "id": "rct2.tt.oldnyk15",
    "authors": ["Frontier Studios"],
    "version": "1.0",
    "originalId": "0E24F921|OLDNYK15|D805AAAE",
    "sourceGame": "rct2tt",
    "objectType": "scenery_small",
    "properties": {
        "price": 28,
        "removalPrice": -22,
        "cursor": "CURSOR_STATUE_DOWN",
        "height": 96,
        "sceneryGroup": "SCGWALLS",
        "shape": "2/4",
        "SMALL_SCENERY_FLAG_VOFFSET_CENTRE": true,
        "requiresFlatSurface": true,
        "isRotatable": true,
        "hasPrimaryColour": true,
        "isStackable": true,
        "prohibitWalls": true,
        "hasSecondaryColour": true,
        "hasNoSupports": true
    },
    "images": ["$RCT2:OBJDATA/OLDNYK15.DAT[0..3]"],
    "strings": {
        "name": {
            "en-GB": "New York Wall Piece",
            "fr-FR": "Section de mur de New York",
            "de-DE": "New York Mauerstück",
            "es-ES": "Sección de muro de Nueva York",
            "it-IT": "Tratto di muro di New York",
            "nl-NL": "Muurstuk New York",
            "sv-SE": "Väggdel, New York",
            "ko-KR": "뉴욕 벽 조각",
            "zh-TW": "紐約牆面塊",
            "pt-BR": "Peça de Parede de Nova York",
            "cs-CZ": "New York stěna",
            "pl-PL": "Segment ściany nowojorskiej",
            "ru-RU": "Стена"
        }
    }
}
