{
    "id": "rct2.tt.hevbth15",
    "authors": ["Frontier Studios"],
    "version": "1.0",
    "originalId": "0E24F821|HEVBTH15|71E26F53",
    "sourceGame": "rct2tt",
    "objectType": "scenery_small",
    "properties": {
        "price": 24,
        "removalPrice": -18,
        "cursor": "CURSOR_STATUE_DOWN",
        "height": 8,
        "sceneryGroup": "SCGWALLS",
        "shape": "4/4",
        "SMALL_SCENERY_FLAG_VOFFSET_CENTRE": true,
        "requiresFlatSurface": true,
        "isRotatable": true,
        "isStackable": true,
        "prohibitWalls": true,
        "hasNoSupports": true
    },
    "images": ["$RCT2:OBJDATA/HEVBTH15.DAT[0..3]"],
    "strings": {
        "name": {
            "en-GB": "Heavenly Bath Floor",
            "fr-FR": "Sol des thermes divins",
            "de-DE": "Boden des Himmlischen Bades",
            "es-ES": "Suelo de termas de los dioses",
            "it-IT": "Pavimento delle Terme Celestiali",
            "nl-NL": "Vloer hemels bad",
            "sv-SE": "Golv, himmelskt bad",
            "ko-KR": "천상의 욕실 바닥",
            "zh-TW": "天國浴場地板",
            "pt-BR": "Piso de Banho Celestial",
            "cs-CZ": "Nebeská koupel - Podlaha",
            "pl-PL": "Posadzka niebiańskich łaţni",
            "ru-RU": "Деталь бассейна"
        }
    }
}
