{
    "id": "rct2.tt.hrbwal03",
    "authors": ["Frontier Studios"],
    "version": "1.0",
    "originalId": "0E24FA21|HRBWAL03|F6F5C865",
    "sourceGame": "rct2tt",
    "objectType": "scenery_small",
    "properties": {
        "price": 18,
        "removalPrice": -12,
        "cursor": "CURSOR_STATUE_DOWN",
        "height": 40,
        "shape": "4/4",
        "SMALL_SCENERY_FLAG_VOFFSET_CENTRE": true,
        "requiresFlatSurface": true,
        "isRotatable": true,
        "isStackable": true,
        "prohibitWalls": true,
        "hasNoSupports": true
    },
    "images": ["$RCT2:OBJDATA/HRBWAL03.DAT[0..3]"],
    "strings": {
        "name": {
            "en-GB": "Harbour Wall with Moor",
            "fr-FR": "Mur du port avec amarres",
            "de-DE": "Hafenmauer mit Anlegeplatz",
            "es-ES": "Muro del puerto con noray",
            "it-IT": "Muro del porto con ormeggio",
            "nl-NL": "Havenmuur met ankerpunt",
            "sv-SE": "Hamnvägg med förtöjning",
            "ko-KR": "항구 벽과 정박소",
            "zh-TW": "港口牆面(含固定樁)",
            "pt-BR": "Parede de Porto com Amarre",
            "cs-CZ": "Přístav - stěna s vřesem",
            "pl-PL": "Mur przystani z pomostem",
            "ru-RU": "Деталь гавани"
        }
    }
}
