{
    "id": "rct2.tt.smoksk03",
    "authors": ["Frontier Studios"],
    "version": "1.0",
    "originalId": "0E24FA21|SMOKSK03|0F59309D",
    "sourceGame": "rct2tt",
    "objectType": "scenery_small",
    "properties": {
        "price": 18,
        "removalPrice": -12,
        "cursor": "CURSOR_STATUE_DOWN",
        "height": 32,
        "shape": "4/4",
        "SMALL_SCENERY_FLAG_VOFFSET_CENTRE": true,
        "requiresFlatSurface": true,
        "isRotatable": true,
        "isStackable": true,
        "prohibitWalls": true
    },
    "images": ["$RCT2:OBJDATA/SMOKSK03.DAT[0..3]"],
    "strings": {
        "name": {
            "en-GB": "Smoke Stack Base",
            "fr-FR": "Base de cheminée",
            "de-DE": "Schornstein-Basis",
            "es-ES": "Chimeneas base",
            "it-IT": "Base del fumaiolo",
            "nl-NL": "Rookstapel Onderkant",
            "sv-SE": "Fabriksskorsten, undre del",
            "ko-KR": "굴뚝 기본",
            "zh-TW": "冒煙的乾草堆底座",
            "pt-BR": "Base de Chaminé de Fumaça",
            "cs-CZ": "Velký kouřící komín",
            "pl-PL": "Podstawa komina",
            "ru-RU": "Деталь"
        }
    }
}
