{
    "id": "rct2.tt.futsky53",
    "authors": ["Frontier Studios"],
    "version": "1.0",
    "originalId": "0E24FB21|FUTSKY53|E81C72BE",
    "sourceGame": "rct2tt",
    "objectType": "scenery_small",
    "properties": {
        "price": 8,
        "removalPrice": 4,
        "cursor": "CURSOR_STATUE_DOWN",
        "height": 32,
        "sceneryGroup": "SCGWALLS",
        "shape": "3/4+D",
        "SMALL_SCENERY_FLAG_VOFFSET_CENTRE": true,
        "requiresFlatSurface": true,
        "isRotatable": true,
        "isStackable": true,
        "prohibitWalls": true,
        "hasNoSupports": true
    },
    "images": ["$RCT2:OBJDATA/FUTSKY53.DAT[0..3]"],
    "strings": {
        "name": {
            "en-GB": "Sandstone Skyscraper Mid Corner",
            "fr-FR": "Virage médian du gratte-ciel d'obsidienne",
            "de-DE": "Sandstein-Wolkenkratzer Mittelstück Ecke",
            "es-ES": "Esquina media de rascacielos de arenisca",
            "it-IT": "Curva di mezzo del grattacielo in arenaria",
            "nl-NL": "Middenbocht Zandstenen Wolkenkrabber",
            "sv-SE": "Mitthörn, sandstensskyskrapa",
            "ko-KR": "사암 마천루 중간 구석",
            "zh-TW": "黑曜石摩天大樓牆角中段",
            "pt-BR": "Canto Mediano de Arranha-Céu de Arenito",
            "cs-CZ": "Pískovcový mrakodrap - střední roh",
            "pl-PL": "Wieżowiec z piaskowca - środkowy narożnik",
            "ru-RU": "Угол небоскрёба"
        }
    }
}
