{
    "id": "rct2.tt.futsky02",
    "authors": ["Frontier Studios"],
    "version": "1.0",
    "originalId": "0E24FA21|FUTSKY02|3CF0D6D5",
    "sourceGame": "rct2tt",
    "objectType": "scenery_small",
    "properties": {
        "price": 8,
        "removalPrice": 4,
        "cursor": "CURSOR_STATUE_DOWN",
        "height": 32,
        "animationDelay": 3,
        "animationMask": 15,
        "numFrames": 16,
        "sceneryGroup": "SCGWALLS",
        "shape": "3/4+D",
        "SMALL_SCENERY_FLAG_VOFFSET_CENTRE": true,
        "requiresFlatSurface": true,
        "isRotatable": true,
        "isAnimated": true,
        "isStackable": true,
        "prohibitWalls": true,
        "hasNoSupports": true,
        "SMALL_SCENERY_FLAG_VISIBLE_WHEN_ZOOMED": true,
        "frameOffsets": [0, 1, 2, 3, 4, 5, 6, 7, 8, 9, 10, 11, 12, 13, 14, 15]
    },
    "images": ["$RCT2:OBJDATA/FUTSKY02.DAT[0..67]"],
    "strings": {
        "name": {
            "en-GB": "Sandstone Skyscraper Filler",
            "fr-FR": "Remplissage du gratte-ciel",
            "de-DE": "Sandstein-Wolkenkratzer Füllstoff",
            "es-ES": "Relleno de rascacielos de arenisca",
            "it-IT": "Riporto del grattacielo in arenaria",
            "nl-NL": "Vulstuk Zandstenen Wolkenkrabber",
            "sv-SE": "Utfyllnad, sandstensskyskrapa",
            "ko-KR": "사암 마천루 충전재",
            "zh-TW": "沙岩製摩天大樓填充塊",
            "pt-BR": "Preenchimento de Arranha-Céu de Arenito",
            "cs-CZ": "Pískovcový mrakodrap - výplň",
            "pl-PL": "Wieżowiec z piaskowca - wypełnienie",
            "ru-RU": "Деталь небоскрёба"
        }
    }
}
