{
    "id": "rct2.tt.swamplt8",
    "authors": ["Frontier Studios"],
    "version": "1.0",
    "originalId": "0E24F721|SWAMPLT8|0DCD90BE",
    "sourceGame": "rct2tt",
    "objectType": "scenery_small",
    "properties": {
        "price": 10,
        "removalPrice": 5,
        "cursor": "CURSOR_TREE_DOWN",
        "height": 32,
        "sceneryGroup": "SCGSHRUB",
        "shape": "4/4",
        "SMALL_SCENERY_FLAG_VOFFSET_CENTRE": true,
        "requiresFlatSurface": true,
        "isRotatable": true,
        "hasNoSupports": true
    },
    "images": ["$RCT2:OBJDATA/SWAMPLT8.DAT[0..3]"],
    "strings": {
        "name": {
            "en-GB": "Swamp Fern",
            "fr-FR": "Fougère marécageuse",
            "de-DE": "Sumpffarn",
            "es-ES": "Helecho de pantano",
            "it-IT": "Felce palustre",
            "nl-NL": "Moerasvaren",
            "sv-SE": "Träskbunke",
            "ko-KR": "슾지 양치식물",
            "zh-TW": "沼澤蕨類",
            "pt-BR": "Xaxim de Pântano",
            "cs-CZ": "Bažina - Tráva",
            "pl-PL": "Paproć bagienna",
            "ru-RU": "Папоротник"
        }
    }
}
