{
    "id": "rct2.tt.psntwl17",
    "authors": ["Frontier Studios"],
    "version": "1.0",
    "originalId": "0E24F821|PSNTWL17|03732F37",
    "sourceGame": "rct2tt",
    "objectType": "scenery_small",
    "properties": {
        "price": 12,
        "removalPrice": -8,
        "cursor": "CURSOR_STATUE_DOWN",
        "height": 8,
        "sceneryGroup": "SCGWALLS",
        "shape": "4/4",
        "SMALL_SCENERY_FLAG_VOFFSET_CENTRE": true,
        "requiresFlatSurface": true,
        "isRotatable": true,
        "isStackable": true,
        "prohibitWalls": true,
        "hasNoSupports": true
    },
    "images": ["$RCT2:OBJDATA/PSNTWL17.DAT[0..3]"],
    "strings": {
        "name": {
            "en-GB": "Dark Age Village Roof Piece",
            "fr-FR": "Section de toit du village médiéval",
            "de-DE": "Dachstück Mittelalterliches Dorf",
            "es-ES": "Sección de tejado de pueblo medieval",
            "it-IT": "Tratto di tetto del villaggio dell'Età Oscura",
            "nl-NL": "Dakstuk Middeleeuws Dorp",
            "sv-SE": "Takdel, medeltida by",
            "ko-KR": "암흑 시대 마을 지붕 조각",
            "zh-TW": "黑暗時代村莊屋頂塊",
            "pt-BR": "Peça de Telhado de Vila da Idade Média",
            "cs-CZ": "Starodávná vesnice - střecha",
            "pl-PL": "Miasteczko średniowieczne - segment dachu",
            "ru-RU": "Деталь крыши"
        }
    }
}
