{
    "id": "rct2.tt.cookspit",
    "authors": ["Frontier Studios"],
    "version": "1.0",
    "originalId": "0E24F721|COOKSPIT|D6D0F326",
    "sourceGame": "rct2tt",
    "objectType": "scenery_small",
    "properties": {
        "price": 46,
        "removalPrice": -38,
        "cursor": "CURSOR_STATUE_DOWN",
        "height": 32,
        "animationDelay": 2,
        "animationMask": 15,
        "numFrames": 16,
        "shape": "4/4",
        "SMALL_SCENERY_FLAG_VOFFSET_CENTRE": true,
        "isRotatable": true,
        "isAnimated": true,
        "isStackable": true,
        "hasNoSupports": true,
        "SMALL_SCENERY_FLAG_VISIBLE_WHEN_ZOOMED": true,
        "frameOffsets": [0, 1, 2, 3, 4, 5, 6, 7, 8, 9, 10, 11, 12, 13, 14, 15]
    },
    "images": ["$RCT2:OBJDATA/COOKSPIT.DAT[0..67]"],
    "strings": {
        "name": {
            "en-GB": "Animal cooking on Spit",
            "fr-FR": "Animal cuit à la broche",
            "de-DE": "Tier auf dem Spieß",
            "es-ES": "Animal cocinándose en espetón",
            "it-IT": "Animale cotto allo spiedo",
            "nl-NL": "Beest aan het spit",
            "sv-SE": "Grillat djur på spett",
            "ko-KR": "꼬치에 꽂힌 동물 요리",
            "zh-TW": "動物在噴火處煮食",
            "pt-BR": "Animal cozinhando no espeto",
            "cs-CZ": "Pečeně na rožni",
            "pl-PL": "Zwierzę na rożnie",
            "ru-RU": "Вертел"
        }
    }
}
