{
    "id": "rct2.tt.soupcrnr",
    "authors": ["Frontier Studios"],
    "version": "1.0",
    "originalId": "0E24F721|SOUPCRNR|25EBD4A1",
    "sourceGame": "rct2tt",
    "objectType": "scenery_small",
    "properties": {
        "price": 4,
        "removalPrice": -2,
        "cursor": "CURSOR_STATUE_DOWN",
        "height": 8,
        "animationDelay": 2,
        "animationMask": 15,
        "numFrames": 16,
        "shape": "3/4+D",
        "SMALL_SCENERY_FLAG_VOFFSET_CENTRE": true,
        "isRotatable": true,
        "isAnimated": true,
        "isStackable": true,
        "hasNoSupports": true,
        "SMALL_SCENERY_FLAG_VISIBLE_WHEN_ZOOMED": true,
        "frameOffsets": [0, 1, 2, 3, 4, 5, 6, 7, 8, 9, 10, 11, 12, 13, 14, 15]
    },
    "images": ["$RCT2:OBJDATA/SOUPCRNR.DAT[0..67]"],
    "strings": {
        "name": {
            "en-GB": "Primordial Soup",
            "fr-FR": "Soupe primitive",
            "de-DE": "Ursuppe",
            "es-ES": "Sopa primordial",
            "it-IT": "Brodo primordiale",
            "nl-NL": "Oersoep",
            "sv-SE": "Urhav",
            "ko-KR": "원생액",
            "zh-TW": "太初渾湯",
            "pt-BR": "Caldo Primordial",
            "cs-CZ": "Prebiotická polévka",
            "pl-PL": "Bulion pierwotny",
            "ru-RU": "Субстанция"
        }
    }
}
