{
    "id": "rct2.tt.alentre2",
    "authors": ["Frontier Studios"],
    "version": "1.0",
    "originalId": "0E24FB21|ALENTRE2|1DF7A39E",
    "sourceGame": "rct2tt",
    "objectType": "scenery_small",
    "properties": {
        "price": 32,
        "removalPrice": 24,
        "cursor": "CURSOR_TREE_DOWN",
        "height": 48,
        "sceneryGroup": "SCGTREES",
        "isTree": true,
        "shape": "4/4",
        "SMALL_SCENERY_FLAG_VOFFSET_CENTRE": true,
        "requiresFlatSurface": true,
        "prohibitWalls": true,
        "hasNoSupports": true
    },
    "images": ["$RCT2:OBJDATA/ALENTRE2.DAT[0..3]"],
    "strings": {
        "name": {
            "en-GB": "Alien Tree",
            "fr-FR": "Arbre extraterrestre",
            "de-DE": "Außerirdischer Baum",
            "es-ES": "Árbol alienígena",
            "it-IT": "Albero alieno",
            "nl-NL": "Buitenaardse boom",
            "sv-SE": "Utomjordiskt träd",
            "ko-KR": "외계 나무",
            "zh-TW": "外星樹木",
            "pt-BR": "Árvore Alienígena",
            "cs-CZ": "Mimozemský strom",
            "pl-PL": "Drzewo kosmitów",
            "ru-RU": "Дерево"
        }
    }
}
