{
    "id": "rct2.tt.jazzmbr1",
    "authors": ["Frontier Studios"],
    "version": "1.0",
    "originalId": "0E24FA21|JAZZMBR1|0D496059",
    "sourceGame": "rct2tt",
    "objectType": "scenery_small",
    "properties": {
        "price": 42,
        "removalPrice": -36,
        "cursor": "CURSOR_STATUE_DOWN",
        "height": 64,
        "shape": "4/4",
        "SMALL_SCENERY_FLAG_VOFFSET_CENTRE": true,
        "requiresFlatSurface": true,
        "isRotatable": true,
        "isStackable": true,
        "prohibitWalls": true
    },
    "images": ["$RCT2:OBJDATA/JAZZMBR1.DAT[0..3]"],
    "strings": {
        "name": {
            "en-GB": "Jazz Band Member",
            "fr-FR": "Membre d'un orchestre de jazz",
            "de-DE": "Jazzband-Mitglied",
            "es-ES": "Miembro de banda de jazz",
            "it-IT": "Membro di un gruppo jazz",
            "nl-NL": "Lid Jazzband",
            "sv-SE": "Jazzmusiker",
            "ko-KR": "재즈 밴드 멤버",
            "zh-TW": "爵士樂隊成員",
            "pt-BR": "Músico de Jazz",
            "cs-CZ": "Člen jazzové kapely",
            "pl-PL": "Muzyk jazzbandu",
            "ru-RU": "Музыкант"
        }
    }
}
