{
    "id": "rct2.tt.mcastl06",
    "authors": ["Frontier Studios"],
    "version": "1.0",
    "originalId": "0E24F821|MCASTL06|07F00DAF",
    "sourceGame": "rct2tt",
    "objectType": "scenery_small",
    "properties": {
        "price": 28,
        "removalPrice": -20,
        "cursor": "CURSOR_STATUE_DOWN",
        "height": 128,
        "sceneryGroup": "SCGWALLS",
        "shape": "4/4",
        "isRotatable": true,
        "isStackable": true
    },
    "images": ["$RCT2:OBJDATA/MCASTL06.DAT[0..3]"],
    "strings": {
        "name": {
            "en-GB": "Castle Ramparts",
            "fr-FR": "Remparts du château",
            "de-DE": "Schlosswall",
            "es-ES": "Muralla de castillo",
            "it-IT": "Bastioni del Castello",
            "nl-NL": "Bolwerken Kasteel",
            "sv-SE": "Slottsvall",
            "ko-KR": "성벽",
            "zh-TW": "城堡壁壘",
            "pt-BR": "Baluartes de Castelo",
            "cs-CZ": "Hradní opevnění",
            "pl-PL": "Fortyfikacja zamkowa",
            "ru-RU": "Бастион замка"
        }
    }
}
