{
    "id": "rct2.tt.hevbth12",
    "authors": ["Frontier Studios"],
    "version": "1.0",
    "originalId": "0E24F821|HEVBTH12|7849C456",
    "sourceGame": "rct2tt",
    "objectType": "scenery_small",
    "properties": {
        "price": 44,
        "removalPrice": -38,
        "cursor": "CURSOR_STATUE_DOWN",
        "height": 40,
        "sceneryGroup": "SCGWALLS",
        "shape": "3/4+D",
        "SMALL_SCENERY_FLAG_VOFFSET_CENTRE": true,
        "requiresFlatSurface": true,
        "isRotatable": true,
        "isStackable": true,
        "prohibitWalls": true,
        "hasNoSupports": true
    },
    "images": ["$RCT2:OBJDATA/HEVBTH12.DAT[0..3]"],
    "strings": {
        "name": {
            "en-GB": "Heavenly Baths Architecture",
            "fr-FR": "Architecture des thermes divins",
            "de-DE": "Architektur der Himmlischen Bäder",
            "es-ES": "Arquitectura de termas de los dioses",
            "it-IT": "Architettura delle Terme Celestiali",
            "nl-NL": "Architectuur Hemelse baden",
            "sv-SE": "Arkitektur, himmelskt bad",
            "ko-KR": "천상의 욕실 건축물",
            "zh-TW": "天國浴場建築式樣",
            "pt-BR": "Arquitetura de Banho Celestial",
            "cs-CZ": "Nebeská koupel - Architektura",
            "pl-PL": "Architektura niebiańskich łaţni",
            "ru-RU": "Деталь бассейна"
        }
    }
}
