{
    "id": "rct2.tt.schnpl06",
    "authors": ["Frontier Studios"],
    "version": "1.0",
    "originalId": "0E24FA21|SCHNPL06|AF6CFC22",
    "sourceGame": "rct2tt",
    "objectType": "scenery_small",
    "properties": {
        "price": 18,
        "removalPrice": -12,
        "cursor": "CURSOR_STATUE_DOWN",
        "height": 32,
        "shape": "4/4",
        "SMALL_SCENERY_FLAG_VOFFSET_CENTRE": true,
        "requiresFlatSurface": true,
        "isRotatable": true,
        "hasPrimaryColour": true,
        "isStackable": true,
        "prohibitWalls": true,
        "hasNoSupports": true
    },
    "images": ["$RCT2:OBJDATA/SCHNPL06.DAT[0..3]"],
    "strings": {
        "name": {
            "en-GB": "Sea Plane",
            "fr-FR": "Hydravion",
            "de-DE": "Wasserflugzeug",
            "es-ES": "Aeronave",
            "it-IT": "Idrovolante",
            "nl-NL": "Watervliegtuig",
            "sv-SE": "Sjöflygplan",
            "ko-KR": "수상비행기",
            "zh-TW": "海上小飛機",
            "pt-BR": "Hidroavião",
            "cs-CZ": "Hydroplán",
            "pl-PL": "Hydroplan",
            "ru-RU": "Самолёт"
        }
    }
}
