{
    "id": "rct2.tt.spcshp04",
    "authors": ["Frontier Studios"],
    "version": "1.0",
    "originalId": "0E24FB21|SPCSHP04|4F4BE3A0",
    "sourceGame": "rct2tt",
    "objectType": "scenery_small",
    "properties": {
        "price": 34,
        "removalPrice": -28,
        "cursor": "CURSOR_STATUE_DOWN",
        "height": 24,
        "animationDelay": 3,
        "animationMask": 31,
        "numFrames": 32,
        "shape": "4/4",
        "SMALL_SCENERY_FLAG_VOFFSET_CENTRE": true,
        "isRotatable": true,
        "isAnimated": true,
        "isStackable": true,
        "hasNoSupports": true,
        "SMALL_SCENERY_FLAG_VISIBLE_WHEN_ZOOMED": true,
        "SMALL_SCENERY_FLAG_COG": true,
        "frameOffsets": [0, 1, 2, 3, 4, 5, 6, 7, 8, 9, 10, 11, 12, 13, 14, 15, 15, 14, 13, 12, 11, 10, 9, 8, 7, 6, 5, 4, 3, 2, 1, 0]
    },
    "images": ["$RCT2:OBJDATA/SPCSHP04.DAT[0..67]"],
    "strings": {
        "name": {
            "en-GB": "Space Ship Solar Panels",
            "fr-FR": "Panneaux solaires du vaisseau spatial",
            "de-DE": "Raumschiff Sonnenkollektor",
            "es-ES": "Paneles solares de nave espacial",
            "it-IT": "Pannelli solari della navicella spaziale",
            "nl-NL": "Zonnepanelen Ruimteschip",
            "sv-SE": "Solpaneler, rymdskepp",
            "ko-KR": "우주선 태양열 판넬",
            "zh-TW": "太空船太陽能面板",
            "pt-BR": "Painéis Solares de Estação Espacial",
            "cs-CZ": "Vesmírná loď - solární panely",
            "pl-PL": "Statek kosmiczny - baterie słoneczne",
            "ru-RU": "Секция корабля"
        }
    }
}
