{
    "id": "rct2.tt.futsky48",
    "authors": ["Frontier Studios"],
    "version": "1.0",
    "originalId": "0E24FB21|FUTSKY48|188B61EE",
    "sourceGame": "rct2tt",
    "objectType": "scenery_small",
    "properties": {
        "price": 8,
        "removalPrice": 4,
        "cursor": "CURSOR_STATUE_DOWN",
        "height": 32,
        "animationDelay": 3,
        "animationMask": 15,
        "numFrames": 16,
        "sceneryGroup": "SCGWALLS",
        "shape": "4/4",
        "SMALL_SCENERY_FLAG_VOFFSET_CENTRE": true,
        "requiresFlatSurface": true,
        "isRotatable": true,
        "isAnimated": true,
        "isStackable": true,
        "prohibitWalls": true,
        "hasNoSupports": true,
        "SMALL_SCENERY_FLAG_VISIBLE_WHEN_ZOOMED": true,
        "frameOffsets": [0, 1, 2, 3, 4, 5, 6, 7, 8, 9, 10, 11, 12, 13, 14, 15]
    },
    "images": ["$RCT2:OBJDATA/FUTSKY48.DAT[0..67]"],
    "strings": {
        "name": {
            "en-GB": "Obsidian SkyScraper Wall with Window",
            "fr-FR": "Mur du gratte-ciel d'obsidienne avec fenêtre",
            "de-DE": "Obsidian-Wolkenkratzer Mauer mit Fenster",
            "es-ES": "Muro con ventana de rascacielos de obsidiana",
            "it-IT": "Muro del grattacielo in ossidiana con finestra",
            "nl-NL": "Muur met Venster Wolkenkrabber van Lavaglas",
            "sv-SE": "Vägg med fönster, obsidianskyskrapa",
            "ko-KR": "창문이 있는 흑요석 마천루 벽",
            "zh-TW": "黑曜石摩天大樓牆面(含窗戶)",
            "pt-BR": "Parede de Arranha-Céu Obsidiana com Janela",
            "cs-CZ": "Mrakodrap ze sopečného skla - okno",
            "pl-PL": "Wieżowiec z obsydianu - ściana z oknem",
            "ru-RU": "Стена небоскрёба с окном"
        }
    }
}
