{
    "id": "rct2.tt.armrbody",
    "authors": ["Frontier Studios"],
    "version": "1.0",
    "originalId": "0E24F821|ARMRBODY|0D5B211B",
    "sourceGame": "rct2tt",
    "objectType": "scenery_small",
    "properties": {
        "price": 42,
        "removalPrice": -34,
        "cursor": "CURSOR_STATUE_DOWN",
        "height": 72,
        "shape": "4/4",
        "SMALL_SCENERY_FLAG_VOFFSET_CENTRE": true,
        "requiresFlatSurface": true,
        "isRotatable": true,
        "isStackable": true,
        "prohibitWalls": true
    },
    "images": ["$RCT2:OBJDATA/ARMRBODY.DAT[0..3]"],
    "strings": {
        "name": {
            "en-GB": "Magical Armour",
            "fr-FR": "Armure magique",
            "de-DE": "Magische Rüstung",
            "es-ES": "Armadura mágica",
            "it-IT": "Armatura magica",
            "nl-NL": "Magisch harnas",
            "sv-SE": "Magisk rustning",
            "ko-KR": "마법 아머",
            "zh-TW": "魔法鎧甲",
            "pt-BR": "Armadura Mágica",
            "cs-CZ": "Magické brnění",
            "pl-PL": "Czarodziejska zbroja",
            "ru-RU": "Волшебные латы"
        }
    }
}
