{
    "id": "rct2.tt.artdec12",
    "authors": ["Frontier Studios"],
    "version": "1.0",
    "originalId": "0E24F921|ARTDEC12|69C7167D",
    "sourceGame": "rct2tt",
    "objectType": "scenery_small",
    "properties": {
        "price": 18,
        "removalPrice": -12,
        "cursor": "CURSOR_STATUE_DOWN",
        "height": 32,
        "sceneryGroup": "SCGWALLS",
        "shape": "3/4+D",
        "SMALL_SCENERY_FLAG_VOFFSET_CENTRE": true,
        "requiresFlatSurface": true,
        "isRotatable": true,
        "isStackable": true,
        "prohibitWalls": true,
        "hasNoSupports": true
    },
    "images": ["$RCT2:OBJDATA/ARTDEC12.DAT[0..3]"],
    "strings": {
        "name": {
            "en-GB": "Art Deco Corner with Railings",
            "fr-FR": "Virage art déco avec grille",
            "de-DE": "Art Déco Ecke mit Geländer",
            "es-ES": "Esquina Art Decó con balaustrada",
            "it-IT": "Curva in art decò con ringhiere",
            "nl-NL": "Bocht met railing Art Deco",
            "sv-SE": "Hörn med ledstänger, art déco",
            "ko-KR": "철책이 있는 아트 데코 구석",
            "zh-TW": "裝置藝術牆角(含欄杆)",
            "pt-BR": "Canto de Arte Déco com Grades",
            "cs-CZ": "Art Deco roh se zábradlím",
            "pl-PL": "Narożnik z balustradą art deco",
            "ru-RU": "Угол Арт-Деко с оградой"
        }
    }
}
