{
    "id": "rct2.tt.oldnyk35",
    "authors": ["Frontier Studios"],
    "version": "1.0",
    "originalId": "0E24F921|OLDNYK35|FE81BA1D",
    "sourceGame": "rct2tt",
    "objectType": "scenery_small",
    "properties": {
        "price": 18,
        "removalPrice": -12,
        "cursor": "CURSOR_STATUE_DOWN",
        "height": 8,
        "sceneryGroup": "SCGWALLS",
        "shape": "2/4",
        "SMALL_SCENERY_FLAG_VOFFSET_CENTRE": true,
        "requiresFlatSurface": true,
        "isRotatable": true,
        "isStackable": true,
        "prohibitWalls": true,
        "hasNoSupports": true
    },
    "images": ["$RCT2:OBJDATA/OLDNYK35.DAT[0..3]"],
    "strings": {
        "name": {
            "en-GB": "New York Roof Piece",
            "fr-FR": "Section de toit de New York",
            "de-DE": "New York Dachstück",
            "es-ES": "Sección de tejado de Nueva York",
            "it-IT": "Tratto dei tetti di New York",
            "nl-NL": "Dakstuk New York",
            "sv-SE": "Takdel, New York",
            "ko-KR": "뉴욕 지붕 조각",
            "zh-TW": "紐約屋頂塊",
            "pt-BR": "Peça de Telhado de Nova York",
            "cs-CZ": "New York střecha",
            "pl-PL": "Segment dachu nowojorskiego",
            "ru-RU": "Крыша Нью-Йорка"
        }
    }
}
