{
    "id": "rct2.tt.hevbth17",
    "authors": ["Frontier Studios"],
    "version": "1.0",
    "originalId": "0E24F821|HEVBTH17|8914BA38",
    "sourceGame": "rct2tt",
    "objectType": "scenery_small",
    "properties": {
        "price": 44,
        "removalPrice": -38,
        "cursor": "CURSOR_STATUE_DOWN",
        "height": 16,
        "animationDelay": 3,
        "animationMask": 15,
        "numFrames": 16,
        "sceneryGroup": "SCGWALLS",
        "shape": "4/4",
        "SMALL_SCENERY_FLAG_VOFFSET_CENTRE": true,
        "requiresFlatSurface": true,
        "isRotatable": true,
        "isAnimated": true,
        "isStackable": true,
        "prohibitWalls": true,
        "hasNoSupports": true,
        "SMALL_SCENERY_FLAG_VISIBLE_WHEN_ZOOMED": true,
        "frameOffsets": [0, 1, 2, 3, 4, 5, 6, 7, 8, 9, 10, 11, 12, 13, 14, 15]
    },
    "images": ["$RCT2:OBJDATA/HEVBTH17.DAT[0..67]"],
    "strings": {
        "name": {
            "en-GB": "Heavenly Bath Pool Edge",
            "fr-FR": "Bord du bassin des thermes divins",
            "de-DE": "Poolkante des Himmlischen Bades",
            "es-ES": "Borde de piscina de termas de los dioses",
            "it-IT": "Bordo della piscina delle Terme Celestiali",
            "nl-NL": "Rand hemels bad",
            "sv-SE": "Bassängkant, himmelskt bad",
            "ko-KR": "천상의 욕실 풀 가장자리",
            "zh-TW": "天國浴場水池邊緣",
            "pt-BR": "Borda de Piscina de Banho Celestial",
            "cs-CZ": "Nebeská koupel - hrana bazénu",
            "pl-PL": "Brzeg sadzawki niebiańskich łaţni",
            "ru-RU": "Деталь бассейна"
        }
    }
}
