{
    "id": "rct2.tt.hvrbike1",
    "authors": ["Frontier Studios"],
    "version": "1.0",
    "originalId": "0E24FB21|HVRBIKE1|42C931E2",
    "sourceGame": "rct2tt",
    "objectType": "scenery_small",
    "properties": {
        "price": 48,
        "removalPrice": -32,
        "cursor": "CURSOR_STATUE_DOWN",
        "height": 40,
        "animationDelay": 2,
        "animationMask": 15,
        "numFrames": 16,
        "shape": "4/4",
        "SMALL_SCENERY_FLAG_VOFFSET_CENTRE": true,
        "isRotatable": true,
        "isAnimated": true,
        "hasPrimaryColour": true,
        "isStackable": true,
        "hasSecondaryColour": true,
        "SMALL_SCENERY_FLAG_VISIBLE_WHEN_ZOOMED": true,
        "frameOffsets": [0, 1, 2, 3, 4, 5, 6, 7, 8, 9, 10, 11, 12, 13, 14, 15]
    },
    "images": ["$RCT2:OBJDATA/HVRBIKE1.DAT[0..67]"],
    "strings": {
        "name": {
            "en-GB": "Hoverbike on Stand",
            "fr-FR": "Moto sur coussin d'air à l'arrêt",
            "de-DE": "Geparktes Schweberad",
            "es-ES": "Moto jet parada",
            "it-IT": "Bicicletta volante ferma",
            "nl-NL": "Zweefmotorfiets op Stander",
            "sv-SE": "Stillastående svävarcykel",
            "ko-KR": "서 있는 호버바이크",
            "zh-TW": "停車處的飛行腳踏車",
            "pt-BR": "Moto Flutuante Parada",
            "cs-CZ": "Zaparkované vznášedlo",
            "pl-PL": "Latający motocykl na podeście",
            "ru-RU": "Ховербайк"
        }
    }
}
