{
    "id": "rct2.tt.sdragfly",
    "authors": ["Frontier Studios"],
    "version": "1.0",
    "originalId": "0E24F721|SDRAGFLY|86381AE3",
    "sourceGame": "rct2tt",
    "objectType": "scenery_small",
    "properties": {
        "price": 26,
        "removalPrice": -20,
        "cursor": "CURSOR_STATUE_DOWN",
        "height": 32,
        "animationDelay": 2,
        "animationMask": 15,
        "numFrames": 16,
        "shape": "4/4",
        "SMALL_SCENERY_FLAG_VOFFSET_CENTRE": true,
        "isRotatable": true,
        "isAnimated": true,
        "isStackable": true,
        "hasNoSupports": true,
        "SMALL_SCENERY_FLAG_VISIBLE_WHEN_ZOOMED": true,
        "frameOffsets": [0, 1, 2, 3, 4, 5, 6, 7, 8, 9, 10, 11, 12, 13, 14, 15]
    },
    "images": ["$RCT2:OBJDATA/SDRAGFLY.DAT[0..67]"],
    "strings": {
        "name": {
            "en-GB": "Animatronic Dragonflies",
            "fr-FR": "Automate : libellules",
            "de-DE": "Animatronic Libellen",
            "es-ES": "Animatrónica Libélulas",
            "it-IT": "Animatroni libellule",
            "nl-NL": "Animatronische Libellen",
            "sv-SE": "Trollsländor (animatroniska)",
            "ko-KR": "움직이는 잠자리",
            "zh-TW": "蜻蜓機械偶",
            "pt-BR": "Libélulas Animatrônicas",
            "cs-CZ": "Pohybující se vážky",
            "pl-PL": "Mechaniczne ważki",
            "ru-RU": "Стрекоза"
        }
    }
}
