{
    "id": "rct2.tt.futsky40",
    "authors": ["Frontier Studios"],
    "version": "1.0",
    "originalId": "0E24FB21|FUTSKY40|0326988C",
    "sourceGame": "rct2tt",
    "objectType": "scenery_small",
    "properties": {
        "price": 10,
        "removalPrice": 6,
        "cursor": "CURSOR_STATUE_DOWN",
        "height": 64,
        "animationDelay": 3,
        "animationMask": 15,
        "numFrames": 16,
        "sceneryGroup": "SCGWALLS",
        "shape": "4/4",
        "SMALL_SCENERY_FLAG_VOFFSET_CENTRE": true,
        "requiresFlatSurface": true,
        "isRotatable": true,
        "isAnimated": true,
        "isStackable": true,
        "prohibitWalls": true,
        "hasNoSupports": true,
        "SMALL_SCENERY_FLAG_VISIBLE_WHEN_ZOOMED": true,
        "frameOffsets": [0, 1, 2, 3, 4, 5, 6, 7, 8, 9, 10, 11, 12, 13, 14, 15]
    },
    "images": ["$RCT2:OBJDATA/FUTSKY40.DAT[0..67]"],
    "strings": {
        "name": {
            "en-GB": "Obsidian SkyScraper Steep Sloped Wall",
            "fr-FR": "Mur en pente raide du gratte-ciel d'obsidienne",
            "de-DE": "Obsidian-Wolkenkratzer Steile Schräge Mauer",
            "es-ES": "Sección de puerta de rascacielos de obsidiana",
            "it-IT": "Parete in pendenza ripida del grattacielo in ossidiana",
            "nl-NL": "Steile Muur Wolkenkrabber van Lavaglas",
            "sv-SE": "Brant väggsluttning, obsidianskyskrapa",
            "ko-KR": "흑요석 마천루 급한 경사 벽",
            "zh-TW": "黑躍石摩天大樓陡斜坡牆面",
            "pt-BR": "Parede Inclinada Profunda de Arranha-Céu Obsidiana",
            "cs-CZ": "Mrakodrap ze sopečného skla - nakloněná stěna",
            "pl-PL": "Wieżowiec z obsydianu - mocno nachylona ściana",
            "ru-RU": "Деталь стены небоскрёба"
        }
    }
}
