{
    "id": "rct2.tt.mcastl07",
    "authors": ["Frontier Studios"],
    "version": "1.0",
    "originalId": "0E24F821|MCASTL07|C9EC9DE7",
    "sourceGame": "rct2tt",
    "objectType": "scenery_small",
    "properties": {
        "price": 28,
        "removalPrice": -20,
        "cursor": "CURSOR_STATUE_DOWN",
        "height": 128,
        "sceneryGroup": "SCGWALLS",
        "shape": "4/4",
        "isRotatable": true,
        "isStackable": true
    },
    "images": ["$RCT2:OBJDATA/MCASTL07.DAT[0..3]"],
    "strings": {
        "name": {
            "en-GB": "Castle Ramparts Corner",
            "fr-FR": "Virage des remparts du château",
            "de-DE": "Schlosswall-Ecke",
            "es-ES": "Esquina de muralla de castillo",
            "it-IT": "Curva dei bastioni del Castello",
            "nl-NL": "Bocht bolwerken Kasteel",
            "sv-SE": "Vallhörn, slott",
            "ko-KR": "성벽 구석",
            "zh-TW": "城堡壁壘牆角",
            "pt-BR": "Canto de Baluartes de Castelo",
            "cs-CZ": "Hradní opevnění - roh",
            "pl-PL": "Narożnik fortyfikacji zamkowej",
            "ru-RU": "Угол бастиона замка"
        }
    }
}
