{
    "id": "rct2.tt.artdec18",
    "authors": ["Frontier Studios"],
    "version": "1.0",
    "originalId": "0E24F921|ARTDEC18|E9CA8F29",
    "sourceGame": "rct2tt",
    "objectType": "scenery_small",
    "properties": {
        "price": 22,
        "removalPrice": -16,
        "cursor": "CURSOR_STATUE_DOWN",
        "height": 56,
        "sceneryGroup": "SCGWALLS",
        "shape": "2/4",
        "SMALL_SCENERY_FLAG_VOFFSET_CENTRE": true,
        "requiresFlatSurface": true,
        "isRotatable": true,
        "hasPrimaryColour": true,
        "isStackable": true,
        "prohibitWalls": true,
        "hasSecondaryColour": true,
        "hasNoSupports": true
    },
    "images": ["$RCT2:OBJDATA/ARTDEC18.DAT[0..3]"],
    "strings": {
        "name": {
            "en-GB": "Art Deco Top Section",
            "fr-FR": "Section haute art déco",
            "de-DE": "Art Déco oberer Abschnitt",
            "es-ES": "Sección superior Art Decó",
            "it-IT": "Sezione superiore in art decò",
            "nl-NL": "Bovenstuk Art Deco",
            "sv-SE": "Toppsektion, art déco",
            "ko-KR": "아트 데코 상단 조각",
            "zh-TW": "裝飾藝術頂部區段",
            "pt-BR": "Seção de Topo de Art Déco",
            "cs-CZ": "Art Deco vrchní část",
            "pl-PL": "Część górna art deco",
            "ru-RU": "Секция Арт-Деко"
        }
    }
}
