{
    "id": "rct2.tt.armrswrd",
    "authors": ["Frontier Studios"],
    "version": "1.0",
    "originalId": "0E24F821|ARMRSWRD|3951D0D1",
    "sourceGame": "rct2tt",
    "objectType": "scenery_small",
    "properties": {
        "price": 42,
        "removalPrice": -34,
        "cursor": "CURSOR_STATUE_DOWN",
        "height": 96,
        "shape": "4/4",
        "SMALL_SCENERY_FLAG_VOFFSET_CENTRE": true,
        "requiresFlatSurface": true,
        "isRotatable": true,
        "isStackable": true,
        "prohibitWalls": true
    },
    "images": ["$RCT2:OBJDATA/ARMRSWRD.DAT[0..3]"],
    "strings": {
        "name": {
            "en-GB": "Magical Sword",
            "fr-FR": "Epée magique",
            "de-DE": "Magisches Schwert",
            "es-ES": "Espada mágica",
            "it-IT": "Spada magica",
            "nl-NL": "Magisch zwaard",
            "sv-SE": "Magiskt svärd",
            "ko-KR": "마법 검",
            "zh-TW": "魔法劍",
            "pt-BR": "Espada Mágica",
            "cs-CZ": "Magický meč",
            "pl-PL": "Czarodziejski miecz",
            "ru-RU": "Волшебный меч"
        }
    }
}
