{
    "id": "rct2.tt.wiskybl1",
    "authors": ["Frontier Studios"],
    "version": "1.0",
    "originalId": "0E24FA21|WISKYBL1|11BA49EE",
    "sourceGame": "rct2tt",
    "objectType": "scenery_small",
    "properties": {
        "price": 14,
        "removalPrice": -8,
        "cursor": "CURSOR_STATUE_DOWN",
        "height": 16,
        "shape": "4/4",
        "SMALL_SCENERY_FLAG_VOFFSET_CENTRE": true,
        "requiresFlatSurface": true,
        "isRotatable": true,
        "isStackable": true
    },
    "images": ["$RCT2:OBJDATA/WISKYBL1.DAT[0..3]"],
    "strings": {
        "name": {
            "en-GB": "Whisky Barrel",
            "fr-FR": "Fût de whisky",
            "de-DE": "Whiskyfass",
            "es-ES": "Barril de whisky",
            "it-IT": "Barile di whisky",
            "nl-NL": "Whiskyvat",
            "sv-SE": "Whiskytunna",
            "ko-KR": "위스키 통",
            "zh-TW": "威士忌桶",
            "pt-BR": "Barril de Uísque",
            "cs-CZ": "Whisky barel",
            "pl-PL": "Baryłka whisky",
            "ru-RU": "Бочка виски"
        }
    }
}
