{
    "id": "rct2.tt.artdec14",
    "authors": ["Frontier Studios"],
    "version": "1.0",
    "originalId": "0E24F921|ARTDEC14|8131D410",
    "sourceGame": "rct2tt",
    "objectType": "scenery_small",
    "properties": {
        "price": 18,
        "removalPrice": -12,
        "cursor": "CURSOR_STATUE_DOWN",
        "height": 32,
        "sceneryGroup": "SCGWALLS",
        "shape": "3/4+D",
        "SMALL_SCENERY_FLAG_VOFFSET_CENTRE": true,
        "requiresFlatSurface": true,
        "isRotatable": true,
        "isStackable": true,
        "prohibitWalls": true,
        "hasNoSupports": true
    },
    "images": ["$RCT2:OBJDATA/ARTDEC14.DAT[0..3]"],
    "strings": {
        "name": {
            "en-GB": "Art Deco Corner with Windows",
            "fr-FR": "Virage art déco avec fenêtres",
            "de-DE": "Art Déco Ecke mit Fenstern",
            "es-ES": "Esquina Art Decó con ventanas",
            "it-IT": "Curva in art decò con finestre",
            "nl-NL": "Bocht met vensters Art Deco",
            "sv-SE": "Hörn med fönster, art déco",
            "ko-KR": "창문이 있는 아트 데코 구석",
            "zh-TW": "裝置藝術牆角(含窗戶)",
            "pt-BR": "Canto de Art Déco com Janelas",
            "cs-CZ": "Art Deco roh s okny",
            "pl-PL": "Narożnik z oknami art deco",
            "ru-RU": "Угол Арт-Деко с окнами"
        }
    }
}
