{
    "id": "rct2.tt.futsky54",
    "authors": ["Frontier Studios"],
    "version": "1.0",
    "originalId": "0E24FB21|FUTSKY54|6BF7C98F",
    "sourceGame": "rct2tt",
    "objectType": "scenery_small",
    "properties": {
        "price": 8,
        "removalPrice": 4,
        "cursor": "CURSOR_STATUE_DOWN",
        "height": 8,
        "sceneryGroup": "SCGWALLS",
        "shape": "4/4",
        "SMALL_SCENERY_FLAG_VOFFSET_CENTRE": true,
        "requiresFlatSurface": true,
        "isRotatable": true,
        "isStackable": true,
        "prohibitWalls": true,
        "hasNoSupports": true
    },
    "images": ["$RCT2:OBJDATA/FUTSKY54.DAT[0..3]"],
    "strings": {
        "name": {
            "en-GB": "Obsidian SkyScraper Roof Piece",
            "fr-FR": "Section de toit du gratte-ciel d'obsidienne",
            "de-DE": "Obsidian-Wolkenkratzer Dachstück",
            "es-ES": "Sección de tejado de rascacielos de obsidiana",
            "it-IT": "Tratto di tetto del grattacielo in ossidiana",
            "nl-NL": "Dakstuk Wolkenkrabber van Lavaglas",
            "sv-SE": "Takdel, obsidianskyskrapa",
            "ko-KR": "흑요석 마천루 지붕 조각",
            "zh-TW": "黑曜石摩天大樓屋頂塊",
            "pt-BR": "Peça de Telhado de Arranha-Céu Obsidiana",
            "cs-CZ": "Mrakodrap ze sopečného skla - střecha",
            "pl-PL": "Wieżowiec z obsydianu - segment dachu",
            "ru-RU": "Деталь крыши небоскрёба"
        }
    }
}
