{
    "id": "rct2.tt.futsky18",
    "authors": ["Frontier Studios"],
    "version": "1.0",
    "originalId": "0E24FA21|FUTSKY18|ECF83DEC",
    "sourceGame": "rct2tt",
    "objectType": "scenery_small",
    "properties": {
        "price": 8,
        "removalPrice": 4,
        "cursor": "CURSOR_STATUE_DOWN",
        "height": 32,
        "sceneryGroup": "SCGWALLS",
        "shape": "4/4",
        "SMALL_SCENERY_FLAG_VOFFSET_CENTRE": true,
        "requiresFlatSurface": true,
        "isRotatable": true,
        "isStackable": true,
        "prohibitWalls": true,
        "hasNoSupports": true
    },
    "images": ["$RCT2:OBJDATA/FUTSKY18.DAT[0..3]"],
    "strings": {
        "name": {
            "en-GB": "Sandstone Skyscraper Doorway",
            "fr-FR": "Porte du gratte-ciel",
            "de-DE": "Sandstein-Wolkenkratzer Eingang",
            "es-ES": "Puerta de rascacielos de arenisca",
            "it-IT": "Entrata del grattacielo in arenaria",
            "nl-NL": "Deuropening Zandstenen Wolkenkrabber",
            "sv-SE": "Ingång, sandstensskyskrapa",
            "ko-KR": "사암 마천루 출입문",
            "zh-TW": "沙岩製摩天大樓門口",
            "pt-BR": "Entrada de Arranha-Céu de Arenito",
            "cs-CZ": "Pískovcový mrakodrap - dveřní rám",
            "pl-PL": "Wieżowiec z piaskowca - wejście",
            "ru-RU": "Деталь небоскрёба"
        }
    }
}
