{
    "id": "rct2.tt.firemanx",
    "authors": ["Frontier Studios"],
    "version": "1.0",
    "originalId": "0E24FA21|FIREMANX|6CE71723",
    "sourceGame": "rct2tt",
    "objectType": "scenery_small",
    "properties": {
        "price": 46,
        "removalPrice": -38,
        "cursor": "CURSOR_STATUE_DOWN",
        "height": 96,
        "shape": "4/4",
        "SMALL_SCENERY_FLAG_VOFFSET_CENTRE": true,
        "requiresFlatSurface": true,
        "isRotatable": true,
        "isStackable": true,
        "prohibitWalls": true
    },
    "images": ["$RCT2:OBJDATA/FIREMANX.DAT[0..3]"],
    "strings": {
        "name": {
            "en-GB": "Animatronic Fireman",
            "fr-FR": "Automate : pompier",
            "de-DE": "Animatronic Feuerwehrmann",
            "es-ES": "Animatrónica bombero",
            "it-IT": "Animatrone vigile del fuoco",
            "nl-NL": "Animatronische brandweerman",
            "sv-SE": "Brandman (animatronisk)",
            "ko-KR": "움직이는 소방관",
            "zh-TW": "消防隊機械偶",
            "pt-BR": "Bombeiro Animatrônico",
            "cs-CZ": "Pohybující se hasič",
            "pl-PL": "Mechaniczny strażak",
            "ru-RU": "Пожарный"
        }
    }
}
