{
    "id": "rct2.tt.argonau2",
    "authors": ["Frontier Studios"],
    "version": "1.0",
    "originalId": "0E24F821|ARGONAU2|5B0B2144",
    "sourceGame": "rct2tt",
    "objectType": "scenery_small",
    "properties": {
        "price": 38,
        "removalPrice": -32,
        "cursor": "CURSOR_STATUE_DOWN",
        "height": 56,
        "animationDelay": 2,
        "animationMask": 15,
        "numFrames": 16,
        "shape": "4/4",
        "SMALL_SCENERY_FLAG_VOFFSET_CENTRE": true,
        "isRotatable": true,
        "isAnimated": true,
        "isStackable": true,
        "hasNoSupports": true,
        "SMALL_SCENERY_FLAG_VISIBLE_WHEN_ZOOMED": true,
        "frameOffsets": [0, 1, 2, 3, 4, 5, 6, 7, 8, 9, 10, 11, 12, 13, 14, 15]
    },
    "images": ["$RCT2:OBJDATA/ARGONOU2.DAT[0..67]"],
    "strings": {
        "name": {
            "en-GB": "Animatronic Argonaut",
            "fr-FR": "Automate : Argonaute",
            "es-ES": "Animatrónica Argonauta",
            "it-IT": "Animatrone argonauta",
            "nl-NL": "Animatronische Argonaut",
            "sv-SE": "Argonaut (animatronisk)",
            "ko-KR": "움직이는 아르고호 승무원",
            "zh-TW": "阿爾戈號機械偶",
            "pt-BR": "Argonauta Animatrônico",
            "cs-CZ": "Pohyblivá chobotnice",
            "pl-PL": "Mechaniczny argonauta",
            "ru-RU": "Аргонавт"
        }
    }
}
