{
    "id": "rct2.tt.killrvin",
    "authors": ["Frontier Studios"],
    "version": "1.0",
    "originalId": "0E24F821|KILLRVIN|10BC6FBB",
    "sourceGame": "rct2tt",
    "objectType": "scenery_small",
    "properties": {
        "price": 26,
        "removalPrice": 20,
        "cursor": "CURSOR_TREE_DOWN",
        "height": 72,
        "animationDelay": 2,
        "animationMask": 15,
        "numFrames": 16,
        "sceneryGroup": "SCGSHRUB",
        "shape": "4/4",
        "SMALL_SCENERY_FLAG_VOFFSET_CENTRE": true,
        "isAnimated": true,
        "hasNoSupports": true,
        "SMALL_SCENERY_FLAG_VISIBLE_WHEN_ZOOMED": true,
        "frameOffsets": [0, 1, 2, 3, 4, 5, 6, 7, 8, 9, 10, 11, 12, 13, 14, 15]
    },
    "images": ["$RCT2:OBJDATA/KILLRVIN.DAT[0..67]"],
    "strings": {
        "name": {
            "en-GB": "Climbing Vine Tree",
            "fr-FR": "Vigne grimpante",
            "de-DE": "Rankender Rebenbaum",
            "es-ES": "Enredaderas",
            "it-IT": "Albero di vite rampicante",
            "nl-NL": "Klimmende wijnstokboom",
            "sv-SE": "Klättrande vinranka",
            "ko-KR": "넝쿨 나무",
            "zh-TW": "爬藤樹",
            "pt-BR": "Trepadeira",
            "cs-CZ": "Vinná réva",
            "pl-PL": "Pnącze",
            "ru-RU": "Хищное дерево"
        }
    }
}
