{
    "id": "rct2.tt.schnbost",
    "authors": ["Frontier Studios"],
    "version": "1.0",
    "originalId": "0E24FA21|SCHNBOST|B87CEDB3",
    "sourceGame": "rct2tt",
    "objectType": "scenery_small",
    "properties": {
        "price": 18,
        "removalPrice": -12,
        "cursor": "CURSOR_STATUE_DOWN",
        "height": 32,
        "animationDelay": 2,
        "animationMask": 15,
        "numFrames": 16,
        "shape": "1/4",
        "SMALL_SCENERY_FLAG_VOFFSET_CENTRE": true,
        "isRotatable": true,
        "isAnimated": true,
        "hasPrimaryColour": true,
        "isStackable": true,
        "hasNoSupports": true,
        "SMALL_SCENERY_FLAG_VISIBLE_WHEN_ZOOMED": true,
        "frameOffsets": [0, 1, 2, 3, 4, 5, 6, 7, 8, 9, 10, 11, 12, 13, 14, 15]
    },
    "images": ["$RCT2:OBJDATA/SCHNBOST.DAT[0..67]"],
    "strings": {
        "name": {
            "en-GB": "Buoy",
            "fr-FR": "Bouée",
            "de-DE": "Boje",
            "es-ES": "Boya",
            "it-IT": "Boa",
            "nl-NL": "Boei",
            "sv-SE": "Boj",
            "ko-KR": "부표",
            "zh-TW": "救生圈",
            "pt-BR": "Bóia",
            "cs-CZ": "Bóje",
            "pl-PL": "Boja",
            "ru-RU": "Буй"
        }
    }
}
