{
    "id": "rct2.tt.hevbth16",
    "authors": ["Frontier Studios"],
    "version": "1.0",
    "originalId": "0E24F821|HEVBTH16|5B80384F",
    "sourceGame": "rct2tt",
    "objectType": "scenery_small",
    "properties": {
        "price": 44,
        "removalPrice": -38,
        "cursor": "CURSOR_STATUE_DOWN",
        "height": 16,
        "animationDelay": 3,
        "animationMask": 15,
        "numFrames": 16,
        "sceneryGroup": "SCGWALLS",
        "shape": "4/4",
        "SMALL_SCENERY_FLAG_VOFFSET_CENTRE": true,
        "requiresFlatSurface": true,
        "isRotatable": true,
        "isAnimated": true,
        "isStackable": true,
        "prohibitWalls": true,
        "hasNoSupports": true,
        "SMALL_SCENERY_FLAG_VISIBLE_WHEN_ZOOMED": true,
        "frameOffsets": [0, 1, 2, 3, 4, 5, 6, 7, 8, 9, 10, 11, 12, 13, 14, 15]
    },
    "images": ["$RCT2:OBJDATA/HEVBTH16.DAT[0..67]"],
    "strings": {
        "name": {
            "en-GB": "Heavenly Bath Pool Steps",
            "fr-FR": "Marches du bassin des thermes divins",
            "de-DE": "Poolstufen des Himmlischen Bades",
            "es-ES": "Escalones de piscina de termas de los dioses",
            "it-IT": "Gradini della piscina delle Terme Celestiali",
            "nl-NL": "Treden hemels bad",
            "sv-SE": "Bassängtrappa, himmelskt bad",
            "ko-KR": "천상의 욕실 풀 계단",
            "zh-TW": "天國浴場水池台階",
            "pt-BR": "Degraus de Piscina de Banho Celestial",
            "cs-CZ": "Nebeská koupel - schody do bazénu",
            "pl-PL": "Schody do sadzawki niebiańskich łaţni",
            "ru-RU": "Лестница"
        }
    }
}
