{
    "id": "rct2.tt.alnstr07",
    "authors": ["Frontier Studios"],
    "version": "1.0",
    "originalId": "0E24FB21|ALNSTR07|2599A004",
    "sourceGame": "rct2tt",
    "objectType": "scenery_small",
    "properties": {
        "price": 24,
        "removalPrice": -18,
        "cursor": "CURSOR_STATUE_DOWN",
        "height": 64,
        "animationDelay": 3,
        "animationMask": 15,
        "numFrames": 16,
        "sceneryGroup": "SCGWALLS",
        "shape": "4/4",
        "SMALL_SCENERY_FLAG_VOFFSET_CENTRE": true,
        "requiresFlatSurface": true,
        "isRotatable": true,
        "isAnimated": true,
        "isStackable": true,
        "prohibitWalls": true,
        "SMALL_SCENERY_FLAG_VISIBLE_WHEN_ZOOMED": true,
        "SMALL_SCENERY_FLAG_COG": true,
        "frameOffsets": [0, 1, 2, 3, 4, 5, 6, 7, 8, 9, 10, 11, 12, 13, 14, 15]
    },
    "images": ["$RCT2:OBJDATA/ALNSTR07.DAT[0..67]"],
    "strings": {
        "name": {
            "en-GB": "Alien Tower Top",
            "fr-FR": "Haut de la tour extraterrestre",
            "de-DE": "Außerirdischer Turm Oben",
            "es-ES": "Parte superior de torre alienígena",
            "it-IT": "Parte superiore della torre aliena",
            "nl-NL": "Bovenkant Buitenaardse Toren",
            "sv-SE": "Övre del, utomjordiskt torn",
            "ko-KR": "외계 탑 상단",
            "zh-TW": "外星塔頂",
            "pt-BR": "Topo de Torre Alienígena",
            "cs-CZ": "Mimozemská věž - vrchní díl",
            "pl-PL": "Wieża kosmitów - góra",
            "ru-RU": "Верх башни"
        }
    }
}
