{
    "id": "rct2.tt.psntwl25",
    "authors": ["Frontier Studios"],
    "version": "1.0",
    "originalId": "0E24F821|PSNTWL25|7241E142",
    "sourceGame": "rct2tt",
    "objectType": "scenery_small",
    "properties": {
        "price": 18,
        "removalPrice": -12,
        "cursor": "CURSOR_STATUE_DOWN",
        "height": 32,
        "sceneryGroup": "SCGWALLS",
        "shape": "2/4",
        "SMALL_SCENERY_FLAG_VOFFSET_CENTRE": true,
        "requiresFlatSurface": true,
        "isRotatable": true,
        "hasPrimaryColour": true,
        "isStackable": true,
        "prohibitWalls": true,
        "hasNoSupports": true
    },
    "images": ["$RCT2:OBJDATA/PSNTWL25.DAT[0..3]"],
    "strings": {
        "name": {
            "en-GB": "Dark Age Village Window Box",
            "fr-FR": "Jardinière du village médiéval",
            "de-DE": "Blumenkasten Mittelalterliches Dorf",
            "es-ES": "Ventana de pueblo medieval",
            "it-IT": "Vasi di fiori del villaggio dell'Età Oscura",
            "nl-NL": "Vensterraam Middeleeuws Dorp",
            "sv-SE": "Fönsternisch, medeltida by",
            "ko-KR": "암흑 시대 마을 창가 화단",
            "zh-TW": "黑暗時代村莊窗框",
            "pt-BR": "Jardineira de Vila da Idade Média",
            "cs-CZ": "Starodávná vesnice - okno",
            "pl-PL": "Miasteczko średniowieczne - lukarna",
            "ru-RU": "Средневековое окно"
        }
    }
}
