{
    "id": "rct2.tt.oldnyk06",
    "authors": ["Frontier Studios"],
    "version": "1.0",
    "originalId": "0E24F921|OLDNYK06|B8D68E8A",
    "sourceGame": "rct2tt",
    "objectType": "scenery_small",
    "properties": {
        "price": 12,
        "removalPrice": -8,
        "cursor": "CURSOR_STATUE_DOWN",
        "height": 64,
        "sceneryGroup": "SCGWALLS",
        "shape": "1/4+D",
        "SMALL_SCENERY_FLAG_VOFFSET_CENTRE": true,
        "requiresFlatSurface": true,
        "isRotatable": true,
        "hasPrimaryColour": true,
        "isStackable": true,
        "prohibitWalls": true,
        "hasNoSupports": true
    },
    "images": ["$RCT2:OBJDATA/OLDNYK06.DAT[0..3]"],
    "strings": {
        "name": {
            "en-GB": "New York Corner Filler",
            "fr-FR": "Remplissage de virage de New York",
            "de-DE": "New York Eckenfüllstoff",
            "es-ES": "Relleno de esquina de Nueva York",
            "it-IT": "Riporto in curva invertita di New York",
            "nl-NL": "Vulstuk bocht New York",
            "sv-SE": "Hörnutfyllnad, New York",
            "ko-KR": "뉴욕 구석 충전제",
            "zh-TW": "紐約牆牆角填充塊",
            "pt-BR": "Preenchimento de Canto de Nova York",
            "cs-CZ": "New York výplň rohu",
            "pl-PL": "Wypełnienie narożnika nowojorskiego",
            "ru-RU": "Деталь Нью-Йорка"
        }
    }
}
