{
    "id": "rct2.tt.hevbth02",
    "authors": ["Frontier Studios"],
    "version": "1.0",
    "originalId": "0E24F821|HEVBTH02|3643A465",
    "sourceGame": "rct2tt",
    "objectType": "scenery_small",
    "properties": {
        "price": 32,
        "removalPrice": -26,
        "cursor": "CURSOR_STATUE_DOWN",
        "height": 16,
        "animationDelay": 3,
        "animationMask": 15,
        "numFrames": 16,
        "sceneryGroup": "SCGWALLS",
        "shape": "3/4+D",
        "SMALL_SCENERY_FLAG_VOFFSET_CENTRE": true,
        "requiresFlatSurface": true,
        "isRotatable": true,
        "isAnimated": true,
        "isStackable": true,
        "prohibitWalls": true,
        "hasNoSupports": true,
        "SMALL_SCENERY_FLAG_VISIBLE_WHEN_ZOOMED": true,
        "frameOffsets": [0, 1, 2, 3, 4, 5, 6, 7, 8, 9, 10, 11, 12, 13, 14, 15]
    },
    "images": ["$RCT2:OBJDATA/HEVBTH02.DAT[0..67]"],
    "strings": {
        "name": {
            "en-GB": "Heavenly Bath Pool Corner",
            "fr-FR": "Virage du bassin des thermes divins",
            "de-DE": "Poolecke des Himmlischen Bades",
            "es-ES": "Esquina de piscina de termas de los dioses",
            "it-IT": "Curva della piscina delle Terme Celestiali",
            "nl-NL": "Bocht hemels bad",
            "sv-SE": "Bassänghörn, himmelskt bad",
            "ko-KR": "천상의 욕실 풀 구석",
            "zh-TW": "天國浴場水池牆角",
            "pt-BR": "Canto de Piscina de Banho Celestial",
            "cs-CZ": "Nebeská koupel - roh bazénu",
            "pl-PL": "Narożnik sadzawki niebiańskich łaţni",
            "ru-RU": "Деталь бассейна"
        }
    }
}
