{
    "id": "rct2.tt.allseeye",
    "authors": ["Frontier Studios"],
    "version": "1.0",
    "originalId": "0E24F821|ALLSEEYE|37EFC60F",
    "sourceGame": "rct2tt",
    "objectType": "scenery_small",
    "properties": {
        "price": 68,
        "removalPrice": -64,
        "cursor": "CURSOR_STATUE_DOWN",
        "height": 96,
        "animationDelay": 3,
        "animationMask": 31,
        "numFrames": 15,
        "shape": "4/4",
        "SMALL_SCENERY_FLAG_VOFFSET_CENTRE": true,
        "isRotatable": true,
        "isAnimated": true,
        "isStackable": true,
        "SMALL_SCENERY_FLAG_VISIBLE_WHEN_ZOOMED": true,
        "frameOffsets": [0, 1, 2, 3, 4, 5, 6, 7, 8, 9, 10, 11, 12, 13, 14, 15, 0, 0, 0]
    },
    "images": ["$RCT2:OBJDATA/ALLSEEYE.DAT[0..67]"],
    "strings": {
        "name": {
            "en-GB": "Animatronic All Seeing Eye",
            "fr-FR": "Automate : l'oeil qui voit tout",
            "de-DE": "Animatronic Das Allmächtige Auge",
            "es-ES": "Animatrónica Ojo que todo lo ve",
            "it-IT": "Animatrone occhio onniveggente",
            "nl-NL": "Animatronisch Alles Ziend Oog",
            "sv-SE": "Allseende öga (animatroniskt)",
            "ko-KR": "움직이는 천리안",
            "zh-TW": "全知之眼機械偶",
            "pt-BR": "Olho-Que-Tudo-Vê Animatrônico",
            "cs-CZ": "Pohybující se vše-vidící oko",
            "pl-PL": "Mechaniczne wszystkowidzące oko",
            "ru-RU": "Всевидящее Око"
        }
    }
}
