{
    "id": "rct2.tt.futsky29",
    "authors": ["Frontier Studios"],
    "version": "1.0",
    "originalId": "0E24FB21|FUTSKY29|A23FBCD4",
    "sourceGame": "rct2tt",
    "objectType": "scenery_small",
    "properties": {
        "price": 8,
        "removalPrice": 4,
        "cursor": "CURSOR_STATUE_DOWN",
        "height": 32,
        "sceneryGroup": "SCGWALLS",
        "shape": "4/4",
        "SMALL_SCENERY_FLAG_VOFFSET_CENTRE": true,
        "requiresFlatSurface": true,
        "isRotatable": true,
        "isStackable": true,
        "prohibitWalls": true,
        "hasNoSupports": true
    },
    "images": ["$RCT2:OBJDATA/FUTSKY29.DAT[0..3]"],
    "strings": {
        "name": {
            "en-GB": "Sandstone Skyscraper Bottom Curved Slope",
            "fr-FR": "Pente en courbe basse du gratte-ciel",
            "de-DE": "Sandstein-Wolkenkratzer Untere Gewundene Schräge",
            "es-ES": "Forma redondeada inferior de rascacielos de arenisca",
            "it-IT": "Pendio in curva inferiore del grattacielo in arenaria",
            "nl-NL": "Helling Glooiende Onderkant Zandstenen Wolkenkrabber",
            "sv-SE": "Nedre böjd sluttning, sandstensskyskrapa",
            "ko-KR": "사암 마천루 바닥 곡선형 경사",
            "zh-TW": "沙岩製摩天大樓底部弧形斜坡",
            "pt-BR": "Inclinação Curvada Inferior de Arranha-Céu de Arenito",
            "cs-CZ": "Pískovcový mrakodrap - dolní zaoblená část",
            "pl-PL": "Wieżowiec z piaskowca - pochyła zakrzywiona podstawa",
            "ru-RU": "Деталь небоскрёба"
        }
    }
}
