{
    "id": "rct2.tt.psntwl15",
    "authors": ["Frontier Studios"],
    "version": "1.0",
    "originalId": "0E24F821|PSNTWL15|63804416",
    "sourceGame": "rct2tt",
    "objectType": "scenery_small",
    "properties": {
        "price": 18,
        "removalPrice": -12,
        "cursor": "CURSOR_STATUE_DOWN",
        "height": 32,
        "sceneryGroup": "SCGWALLS",
        "shape": "3/4+D",
        "SMALL_SCENERY_FLAG_VOFFSET_CENTRE": true,
        "requiresFlatSurface": true,
        "isRotatable": true,
        "hasPrimaryColour": true,
        "isStackable": true,
        "prohibitWalls": true,
        "hasNoSupports": true
    },
    "images": ["$RCT2:OBJDATA/PSNTWL15.DAT[0..3]"],
    "strings": {
        "name": {
            "en-GB": "Dark Age Village Inverted Roof Piece",
            "fr-FR": "Section de toit inversé du village médiéval",
            "de-DE": "Umgedrehtes Dachstück Mittelalterliches Dorf",
            "es-ES": "Sección inversa de tejado de pueblo medieval",
            "it-IT": "Tratto di tetto invertito del villaggio dell'Età Oscura",
            "nl-NL": "Omgekeerd dakstuk Middeleeuws Dorp",
            "sv-SE": "Omvänd takdel, medeltida by",
            "ko-KR": "반전된 암흑 시대 마을 지붕 조각",
            "zh-TW": "反向黑暗時代村莊屋頂塊",
            "pt-BR": "Peça de Telhado Invertido de Vila da Idade Média",
            "cs-CZ": "Starodávná vesnice - obrácená střecha",
            "pl-PL": "Miasteczko średniowieczne - odwrócony segment dachu",
            "ru-RU": "Деталь крыши"
        }
    }
}
