{
    "id": "rct2.tt.futsky23",
    "authors": ["Frontier Studios"],
    "version": "1.0",
    "originalId": "0E24FB21|FUTSKY23|DFAB8C16",
    "sourceGame": "rct2tt",
    "objectType": "scenery_small",
    "properties": {
        "price": 8,
        "removalPrice": 4,
        "cursor": "CURSOR_STATUE_DOWN",
        "height": 32,
        "sceneryGroup": "SCGWALLS",
        "shape": "3/4+D",
        "SMALL_SCENERY_FLAG_VOFFSET_CENTRE": true,
        "requiresFlatSurface": true,
        "isRotatable": true,
        "isStackable": true,
        "prohibitWalls": true,
        "hasNoSupports": true
    },
    "images": ["$RCT2:OBJDATA/FUTSKY23.DAT[0..3]"],
    "strings": {
        "name": {
            "en-GB": "Sandstone Skyscraper Inverted Corner Top",
            "fr-FR": "Haut du virage inversé du gratte-ciel",
            "de-DE": "Sandstein-Wolkenkratzer Obere Umgedrehte Ecke",
            "es-ES": "Parte superior de esquina invertida de rascacielos de arenisca",
            "it-IT": "Cima della curva invertita del grattacielo in arenaria",
            "nl-NL": "Omgekeerde Bochtbovenkant Zandstenen Wolkenkrabber",
            "sv-SE": "Övre omvänt hörn, sandstensskyskrapa",
            "ko-KR": "반전된 사암 마천루 구석 상단",
            "zh-TW": "反向沙岩製摩天大樓頂部牆角",
            "pt-BR": "Superior de Canto Invertido de Arranha-Céu de Arenito",
            "cs-CZ": "Pískovcový mrakodrap - obrácený vrchní roh",
            "pl-PL": "Wieżowiec z piaskowca - górny odwrócony narożnik",
            "ru-RU": "Деталь небоскрёба"
        }
    }
}
