{
    "id": "rct2.tt.waveking",
    "authors": ["Frontier Studios"],
    "version": "1.0",
    "originalId": "0E24F921|WAVEKING|7C3A1D3C",
    "sourceGame": "rct2tt",
    "objectType": "scenery_small",
    "properties": {
        "price": 50,
        "removalPrice": -46,
        "cursor": "CURSOR_STATUE_DOWN",
        "height": 72,
        "animationDelay": 2,
        "animationMask": 31,
        "numFrames": 15,
        "shape": "4/4",
        "SMALL_SCENERY_FLAG_VOFFSET_CENTRE": true,
        "isRotatable": true,
        "isAnimated": true,
        "isStackable": true,
        "hasNoSupports": true,
        "SMALL_SCENERY_FLAG_VISIBLE_WHEN_ZOOMED": true,
        "frameOffsets": [0, 1, 2, 3, 4, 5, 6, 7, 8, 9, 10, 11, 12, 13, 14, 15, 0, 0, 0]
    },
    "images": ["$RCT2:OBJDATA/WAVEKING.DAT[0..67]"],
    "strings": {
        "name": {
            "en-GB": "Animatronic Waving King",
            "fr-FR": "Automate : roi saluant la foule",
            "de-DE": "Animatronic Winkender König",
            "es-ES": "Animatrónica rey gesticulante",
            "it-IT": "Animatrone re che saluta",
            "nl-NL": "Animatronische wuivende koning",
            "sv-SE": "Vinkande kung (animatronisk)",
            "ko-KR": "움직이는 파도 왕",
            "zh-TW": "揮手的國王機械偶",
            "pt-BR": "Rei Animatrônico Acenando",
            "cs-CZ": "Pohybující se mávající král",
            "pl-PL": "Mechaniczny machający król",
            "ru-RU": "Король"
        }
    }
}
