{
    "id": "rct2.tt.skeleto1",
    "authors": ["Frontier Studios"],
    "version": "1.0",
    "originalId": "0E24F821|SKELETO1|2613F26D",
    "sourceGame": "rct2tt",
    "objectType": "scenery_small",
    "properties": {
        "price": 36,
        "removalPrice": -30,
        "cursor": "CURSOR_STATUE_DOWN",
        "height": 64,
        "animationDelay": 2,
        "animationMask": 15,
        "numFrames": 16,
        "shape": "4/4",
        "SMALL_SCENERY_FLAG_VOFFSET_CENTRE": true,
        "isRotatable": true,
        "isAnimated": true,
        "isStackable": true,
        "hasNoSupports": true,
        "SMALL_SCENERY_FLAG_VISIBLE_WHEN_ZOOMED": true,
        "frameOffsets": [0, 1, 2, 3, 4, 5, 6, 7, 8, 9, 10, 11, 12, 13, 14, 15]
    },
    "images": ["$RCT2:OBJDATA/SKELETO1.DAT[0..67]"],
    "strings": {
        "name": {
            "en-GB": "Animatronic Skeletal Army",
            "fr-FR": "Automate : armée de squelettes",
            "de-DE": "Animatronic Armee der Skelette",
            "es-ES": "Animatrónica Ejército de esqueletos",
            "it-IT": "Animatrone esercito di scheletri",
            "nl-NL": "Animatronisch Skelettenleger",
            "sv-SE": "Armé av skelett (animatronisk)",
            "ko-KR": "움직이는 해골 군대",
            "zh-TW": "骷?軍團機械偶",
            "pt-BR": "Exército de Esqueletos Animatrônico",
            "cs-CZ": "Pohybující se armáda kostlivců",
            "pl-PL": "Armia mechanicznych szkieletów",
            "ru-RU": "Скелет"
        }
    }
}
