{
    "id": "rct2.tt.yewtreex",
    "authors": ["Frontier Studios"],
    "version": "1.0",
    "originalId": "0E24F921|YEWTREEX|C2D06153",
    "sourceGame": "rct2tt",
    "objectType": "scenery_small",
    "properties": {
        "price": 32,
        "removalPrice": 24,
        "cursor": "CURSOR_TREE_DOWN",
        "height": 72,
        "sceneryGroup": "SCGTREES",
        "isTree": true,
        "shape": "4/4",
        "SMALL_SCENERY_FLAG_VOFFSET_CENTRE": true,
        "hasNoSupports": true
    },
    "images": ["$RCT2:OBJDATA/YEWTREEX.DAT[0..3]"],
    "strings": {
        "name": {
            "en-GB": "Yew Tree",
            "fr-FR": "If",
            "de-DE": "Eibenbaum",
            "es-ES": "Tejo",
            "it-IT": "Tasso",
            "nl-NL": "Taxus",
            "sv-SE": "Idegran",
            "ko-KR": "주목나무",
            "zh-TW": "紫衫樹",
            "pt-BR": "Teixo",
            "cs-CZ": "Tis",
            "pl-PL": "Cis",
            "ru-RU": "Тис"
        }
    }
}
