{
    "id": "rct2.tt.gldchest",
    "authors": ["Frontier Studios"],
    "version": "1.0",
    "originalId": "0E24F821|GLDCHEST|DB0F1F82",
    "sourceGame": "rct2tt",
    "objectType": "scenery_small",
    "properties": {
        "price": 14,
        "removalPrice": -8,
        "cursor": "CURSOR_STATUE_DOWN",
        "height": 16,
        "shape": "4/4",
        "SMALL_SCENERY_FLAG_VOFFSET_CENTRE": true,
        "requiresFlatSurface": true,
        "isRotatable": true,
        "isStackable": true
    },
    "images": ["$RCT2:OBJDATA/GLDCHEST.DAT[0..3]"],
    "strings": {
        "name": {
            "en-GB": "Treasure Chest",
            "fr-FR": "Coffre à trésor",
            "de-DE": "Schatztruhe",
            "es-ES": "Cofres del tesoro",
            "it-IT": "Scrigno del tesoro",
            "nl-NL": "Schatkist",
            "sv-SE": "Skattkista",
            "ko-KR": "보물 상자",
            "zh-TW": "珠寶盒",
            "pt-BR": "Arca do Tesouro",
            "cs-CZ": "Truhla s pokladem",
            "pl-PL": "Skrzynia ze skarbem",
            "ru-RU": "Сундук"
        }
    }
}
