{
    "id": "rct2.tt.smallcpu",
    "authors": ["Frontier Studios"],
    "version": "1.0",
    "originalId": "0E24FA21|SMALLCPU|97997B30",
    "sourceGame": "rct2tt",
    "objectType": "scenery_small",
    "properties": {
        "price": 18,
        "removalPrice": -12,
        "cursor": "CURSOR_STATUE_DOWN",
        "height": 64,
        "animationDelay": 3,
        "animationMask": 15,
        "numFrames": 16,
        "sceneryGroup": "SCGWALLS",
        "shape": "2/4",
        "SMALL_SCENERY_FLAG_VOFFSET_CENTRE": true,
        "requiresFlatSurface": true,
        "isRotatable": true,
        "isAnimated": true,
        "isStackable": true,
        "prohibitWalls": true,
        "SMALL_SCENERY_FLAG_VISIBLE_WHEN_ZOOMED": true,
        "SMALL_SCENERY_FLAG_COG": true,
        "frameOffsets": [0, 1, 2, 3, 4, 5, 6, 7, 8, 9, 10, 11, 12, 13, 14, 15]
    },
    "images": ["$RCT2:OBJDATA/SMALLCPU.DAT[0..67]"],
    "strings": {
        "name": {
            "en-GB": "Super Computer Small CPU",
            "fr-FR": "Petite unité centrale de super ordinateur",
            "de-DE": "Supercomputer Kleine Zentraleinheit",
            "es-ES": "Pequeña CPU de superordenador",
            "it-IT": "Piccola CPU del super computer",
            "nl-NL": "Kleine CPU Supercomputer",
            "sv-SE": "Liten processor till superdator",
            "ko-KR": "수퍼 컴퓨터 소형 CPU",
            "zh-TW": "超級電腦小CPU",
            "pt-BR": "CPU Pequena de Supercomputador",
            "cs-CZ": "Superpočítač",
            "pl-PL": "Mały procesor superkomputera",
            "ru-RU": "ЦПУ Компьютера"
        }
    }
}
