{
    "id": "rct2.tt.volcvent",
    "authors": ["Frontier Studios"],
    "version": "1.0",
    "originalId": "0E24F821|VOLCVENT|232EB342",
    "sourceGame": "rct2tt",
    "objectType": "scenery_small",
    "properties": {
        "price": 22,
        "removalPrice": 18,
        "cursor": "CURSOR_VOLCANO_DOWN",
        "height": 112,
        "animationDelay": 2,
        "animationMask": 15,
        "numFrames": 16,
        "shape": "4/4",
        "SMALL_SCENERY_FLAG_VOFFSET_CENTRE": true,
        "requiresFlatSurface": true,
        "isRotatable": true,
        "isAnimated": true,
        "isStackable": true,
        "hasNoSupports": true,
        "SMALL_SCENERY_FLAG_VISIBLE_WHEN_ZOOMED": true,
        "frameOffsets": [0, 1, 2, 3, 4, 5, 6, 7, 8, 9, 10, 11, 12, 13, 14, 15]
    },
    "images": ["$RCT2:OBJDATA/VOLCVENT.DAT[0..67]"],
    "strings": {
        "name": {
            "en-GB": "Active Volcanic Vent",
            "fr-FR": "Cheminée de volcan actif",
            "de-DE": "Aktive Vulkanische Öffnung",
            "es-ES": "Chimenea de volcán activo",
            "it-IT": "Cratere di vulcano attivo",
            "nl-NL": "Actieve vulkanische uitlaat",
            "sv-SE": "Aktiv vulkanöppning",
            "ko-KR": "활화도",
            "zh-TW": "活火山口",
            "pt-BR": "Boca de Vulcão Ativo",
            "cs-CZ": "Aktivní sopka",
            "pl-PL": "Wylot aktywnego wulkanu",
            "ru-RU": "Вулкан"
        }
    }
}
