{
    "id": "rct2.tt.indwal32",
    "authors": ["Frontier Studios"],
    "version": "1.0",
    "originalId": "0E24F921|INDWAL32|6E93CB78",
    "sourceGame": "rct2tt",
    "objectType": "scenery_small",
    "properties": {
        "price": 20,
        "removalPrice": -14,
        "cursor": "CURSOR_STATUE_DOWN",
        "height": 64,
        "sceneryGroup": "SCGWALLS",
        "shape": "2/4",
        "SMALL_SCENERY_FLAG_VOFFSET_CENTRE": true,
        "requiresFlatSurface": true,
        "isRotatable": true,
        "isStackable": true,
        "prohibitWalls": true,
        "hasNoSupports": true
    },
    "images": ["$RCT2:OBJDATA/INDWAL32.DAT[0..3]"],
    "strings": {
        "name": {
            "en-GB": "Industrial Wall with Window",
            "fr-FR": "Mur industriel avec fenêtre",
            "de-DE": "Industriemauer mit Fenster",
            "es-ES": "Muro industrial con ventana",
            "it-IT": "Muro industriale con finestra",
            "nl-NL": "Muur met venster Industrie",
            "sv-SE": "Industriell vägg med fönster",
            "ko-KR": "창문이 있는 산업 벽",
            "zh-TW": "工業牆面(含窗戶)",
            "pt-BR": "Parede Industrial com Janela",
            "cs-CZ": "Industriální okno",
            "pl-PL": "Mur przemysłowy z oknem",
            "ru-RU": "Стена с окном"
        }
    }
}
