{
    "id": "rct2.tt.hrbwal02",
    "authors": ["Frontier Studios"],
    "version": "1.0",
    "originalId": "0E24FA21|HRBWAL02|E7EED85B",
    "sourceGame": "rct2tt",
    "objectType": "scenery_small",
    "properties": {
        "price": 18,
        "removalPrice": -12,
        "cursor": "CURSOR_STATUE_DOWN",
        "height": 60,
        "shape": "4/4",
        "SMALL_SCENERY_FLAG_VOFFSET_CENTRE": true,
        "requiresFlatSurface": true,
        "isRotatable": true,
        "isStackable": true,
        "prohibitWalls": true,
        "hasNoSupports": true
    },
    "images": ["$RCT2:OBJDATA/HRBWAL02.DAT[0..3]"],
    "strings": {
        "name": {
            "en-GB": "Harbour Wall with Fishing Gear",
            "fr-FR": "Mur du port avec matériel de pêche",
            "de-DE": "Hafenmauer mit Anglerausrüstung",
            "es-ES": "Muro del puerto con aparejos de pesca",
            "it-IT": "Muro del porto con attrezzatura da pesca",
            "nl-NL": "Havenmuur met visuitrusting",
            "sv-SE": "Hamnvägg med fiskeredskap",
            "ko-KR": "항구 벽과 낚시 도구",
            "zh-TW": "港口牆面(含捕魚用具)",
            "pt-BR": "Parede de Porto com Equipamento de Pescaria",
            "cs-CZ": "Přístav - stěna s rybářským náčiním",
            "pl-PL": "Mur przystani ze sprzętem rybackim",
            "ru-RU": "Деталь гавани"
        }
    }
}
