{
    "id": "rct2.tt.laserx01",
    "authors": ["Frontier Studios"],
    "version": "1.0",
    "originalId": "0E24FB21|LASERX01|0AC918B3",
    "sourceGame": "rct2tt",
    "objectType": "scenery_small",
    "properties": {
        "price": 12,
        "removalPrice": -8,
        "cursor": "CURSOR_STATUE_DOWN",
        "height": 40,
        "animationDelay": 3,
        "animationMask": 15,
        "numFrames": 16,
        "sceneryGroup": "SCGWALLS",
        "shape": "4/4",
        "SMALL_SCENERY_FLAG_VOFFSET_CENTRE": true,
        "requiresFlatSurface": true,
        "isRotatable": true,
        "isAnimated": true,
        "isStackable": true,
        "prohibitWalls": true,
        "hasNoSupports": true,
        "SMALL_SCENERY_FLAG_VISIBLE_WHEN_ZOOMED": true,
        "SMALL_SCENERY_FLAG_COG": true,
        "frameOffsets": [0, 1, 2, 3, 4, 5, 6, 7, 8, 9, 10, 11, 12, 13, 14, 15]
    },
    "images": ["$RCT2:OBJDATA/LASERX01.DAT[0..67]"],
    "strings": {
        "name": {
            "en-GB": "Laser Fence",
            "fr-FR": "Barrière de laser",
            "de-DE": "Laserzaun",
            "es-ES": "Valla láser",
            "it-IT": "Recinzione laser",
            "nl-NL": "Laseromheining",
            "sv-SE": "Laserstaket",
            "ko-KR": "레이저 울타리",
            "zh-TW": "雷射柵欄",
            "pt-BR": "Cerca a Laser",
            "cs-CZ": "Laserový plot",
            "pl-PL": "Ogrodzenie laserowe",
            "ru-RU": "Ограда"
        }
    }
}
