{
    "id": "rct2.tt.spterdac",
    "authors": ["Frontier Studios"],
    "version": "1.0",
    "originalId": "0E24F721|SPTERDAC|3E1A812C",
    "sourceGame": "rct2tt",
    "objectType": "scenery_small",
    "properties": {
        "price": 54,
        "removalPrice": -48,
        "cursor": "CURSOR_STATUE_DOWN",
        "height": 72,
        "animationDelay": 2,
        "animationMask": 63,
        "numFrames": 48,
        "shape": "4/4",
        "SMALL_SCENERY_FLAG_VOFFSET_CENTRE": true,
        "requiresFlatSurface": true,
        "isRotatable": true,
        "isAnimated": true,
        "isStackable": true,
        "hasNoSupports": true,
        "SMALL_SCENERY_FLAG_VISIBLE_WHEN_ZOOMED": true,
        "frameOffsets": [0, 1, 2, 3, 4, 5, 6, 7, 8, 9, 10, 11, 12, 13, 14, 15, 0, 1, 2, 3, 4, 5, 6, 7, 8, 9, 10, 11, 12, 13, 14, 15, 0, 0, 0, 0, 0, 0, 0, 0, 0, 0, 0, 0, 0, 0, 0, 0, 0, 0, 0, 0, 0, 0, 0, 0, 0, 0, 0, 0, 0, 0, 0, 0, 0, 0, 0]
    },
    "images": ["$RCT2:OBJDATA/SPTERDAC.DAT[0..67]"],
    "strings": {
        "name": {
            "en-GB": "Animatronic flapping Pterodactyl",
            "fr-FR": "Automate : ptérodactyle en vol",
            "de-DE": "Animatronic flatternder Pterodaktylus",
            "es-ES": "Animatrónica Pterodáctilo volador",
            "it-IT": "Animatrone Pterodattilo in volo",
            "nl-NL": "Animatronische wiekende Pterodactyl",
            "sv-SE": "Flaxande pterodaktyl (animatronisk)",
            "ko-KR": "날개를 움직이는 익룡",
            "zh-TW": "翼手龍機械偶",
            "pt-BR": "Pterodáctilo Animatrônico Batendo as Asas",
            "cs-CZ": "Pohybující se letící pterodaktyl",
            "pl-PL": "Mechaniczny trzepoczący pterodaktyl",
            "ru-RU": "Птеродактиль"
        }
    }
}
