{
    "id": "rct2.tt.knfight1",
    "authors": ["Frontier Studios"],
    "version": "1.0",
    "originalId": "0E24F821|KNFIGHT1|16F39CC3",
    "sourceGame": "rct2tt",
    "objectType": "scenery_small",
    "properties": {
        "price": 50,
        "removalPrice": -46,
        "cursor": "CURSOR_STATUE_DOWN",
        "height": 56,
        "animationDelay": 2,
        "animationMask": 31,
        "numFrames": 15,
        "shape": "4/4",
        "SMALL_SCENERY_FLAG_VOFFSET_CENTRE": true,
        "isRotatable": true,
        "isAnimated": true,
        "isStackable": true,
        "hasNoSupports": true,
        "SMALL_SCENERY_FLAG_VISIBLE_WHEN_ZOOMED": true,
        "frameOffsets": [0, 1, 2, 3, 4, 5, 6, 7, 8, 9, 10, 11, 12, 13, 14, 15, 0, 0, 0]
    },
    "images": ["$RCT2:OBJDATA/KNFIGHT1.DAT[0..67]"],
    "strings": {
        "name": {
            "en-GB": "Animatronic Dark Knight",
            "fr-FR": "Automate : le Chevalier noir",
            "de-DE": "Animatronic Dunkler Ritter",
            "es-ES": "Animatrónica Caballero negro",
            "it-IT": "Animatrone cavaliere nero",
            "nl-NL": "Animatronische Duistere Ridder",
            "sv-SE": "Svarte riddaren (animatronisk)",
            "ko-KR": "움직이는 흑기사",
            "zh-TW": "黑暗騎士機械偶",
            "pt-BR": "Cavaleiro Negro Animatrônico",
            "cs-CZ": "Pohybující se temný rytíř",
            "pl-PL": "Mechaniczny rycerz ciemności",
            "ru-RU": "Рыцарь"
        }
    }
}
