{
    "id": "rct2.tt.astrongt",
    "authors": ["Frontier Studios"],
    "version": "1.0",
    "originalId": "0E24FB21|ASTRONGT|488C83C0",
    "sourceGame": "rct2tt",
    "objectType": "scenery_small",
    "properties": {
        "price": 46,
        "removalPrice": -38,
        "cursor": "CURSOR_STATUE_DOWN",
        "height": 80,
        "animationDelay": 3,
        "animationMask": 15,
        "numFrames": 16,
        "shape": "4/4",
        "SMALL_SCENERY_FLAG_VOFFSET_CENTRE": true,
        "isRotatable": true,
        "isAnimated": true,
        "isStackable": true,
        "hasNoSupports": true,
        "SMALL_SCENERY_FLAG_VISIBLE_WHEN_ZOOMED": true,
        "frameOffsets": [0, 1, 2, 3, 4, 5, 6, 7, 8, 9, 10, 11, 12, 13, 14, 15]
    },
    "images": ["$RCT2:OBJDATA/ASTRONGT.DAT[0..67]"],
    "strings": {
        "name": {
            "en-GB": "Animatronic Astronaut",
            "fr-FR": "Automate : astronaute",
            "es-ES": "Animatrónica astronauta",
            "it-IT": "Animatrone astronauta",
            "nl-NL": "Animatronisch Astronaut",
            "sv-SE": "Astronaut (animatronisk)",
            "ko-KR": "움직이는 우주비행사",
            "zh-TW": "太空人機械偶",
            "pt-BR": "Astronauta Animatrônico",
            "cs-CZ": "Pohyblivý astronaut",
            "pl-PL": "Mechaniczny kosmonauta",
            "ru-RU": "Астронавт"
        }
    }
}
