{
    "id": "rct2.tt.stmdran1",
    "authors": ["Frontier Studios"],
    "version": "1.0",
    "originalId": "0E24FA21|STMDRAN1|DDB6F682",
    "sourceGame": "rct2tt",
    "objectType": "scenery_small",
    "properties": {
        "price": 6,
        "removalPrice": -4,
        "cursor": "CURSOR_STATUE_DOWN",
        "height": 16,
        "animationDelay": 2,
        "animationMask": 15,
        "numFrames": 16,
        "shape": "4/4",
        "SMALL_SCENERY_FLAG_VOFFSET_CENTRE": true,
        "isRotatable": true,
        "isAnimated": true,
        "isStackable": true,
        "SMALL_SCENERY_FLAG_VISIBLE_WHEN_ZOOMED": true,
        "frameOffsets": [0, 1, 2, 3, 4, 5, 6, 7, 8, 9, 10, 11, 12, 13, 14, 15]
    },
    "images": ["$RCT2:OBJDATA/STMDRAN1.DAT[0..67]"],
    "strings": {
        "name": {
            "en-GB": "Steaming Drains",
            "fr-FR": "Canalisations fumantes",
            "de-DE": "Dampfende Kanalisation",
            "es-ES": "Alcantarillas",
            "it-IT": "Tombini fumanti",
            "nl-NL": "Dampend riool",
            "sv-SE": "Ångande avlopp",
            "ko-KR": "증기 배출",
            "zh-TW": "蒸汽管",
            "pt-BR": "Canos de Vapor",
            "cs-CZ": "Kouřící kanály",
            "pl-PL": "Parujący kanał",
            "ru-RU": "Фонтанчик"
        }
    }
}
