{
    "id": "rct2.tt.schncrsh",
    "authors": ["Frontier Studios"],
    "version": "1.0",
    "originalId": "0E24FA21|SCHNCRSH|EB4D76F6",
    "sourceGame": "rct2tt",
    "objectType": "scenery_small",
    "properties": {
        "price": 18,
        "removalPrice": -12,
        "cursor": "CURSOR_STATUE_DOWN",
        "height": 32,
        "shape": "4/4",
        "SMALL_SCENERY_FLAG_VOFFSET_CENTRE": true,
        "requiresFlatSurface": true,
        "isRotatable": true,
        "hasPrimaryColour": true,
        "isStackable": true,
        "prohibitWalls": true,
        "hasNoSupports": true
    },
    "images": ["$RCT2:OBJDATA/SCHNCRSH.DAT[0..3]"],
    "strings": {
        "name": {
            "en-GB": "Wrecked Seaplane",
            "fr-FR": "Hydravion accidenté",
            "de-DE": "Wasserflugzeugwrack",
            "es-ES": "Hidroavión naufragado",
            "it-IT": "Idrovolante naufragato",
            "nl-NL": "Neergestort Watervliegtuig",
            "sv-SE": "Kraschat sjöflygplan",
            "ko-KR": "난파된 수상비행기",
            "zh-TW": "失事的海上飛機",
            "pt-BR": "Hidroavião Naufragado",
            "cs-CZ": "Rozbitý hydroplán",
            "pl-PL": "Wrak hydroplanu",
            "ru-RU": "Акваплан"
        }
    }
}
