{
    "id": "rct2.tt.tarpit09",
    "authors": ["Frontier Studios"],
    "version": "1.0",
    "originalId": "0E24F721|TARPIT09|F68F5922",
    "sourceGame": "rct2tt",
    "objectType": "scenery_small",
    "properties": {
        "price": 4,
        "removalPrice": -2,
        "cursor": "CURSOR_STATUE_DOWN",
        "height": 24,
        "shape": "4/4",
        "SMALL_SCENERY_FLAG_VOFFSET_CENTRE": true,
        "requiresFlatSurface": true,
        "isRotatable": true,
        "isStackable": true,
        "prohibitWalls": true,
        "hasNoSupports": true
    },
    "images": ["$RCT2:OBJDATA/TARPIT09.DAT[0..3]"],
    "strings": {
        "name": {
            "en-GB": "Bubbling Tarpit",
            "fr-FR": "Puits de pétrole bouillonnant",
            "de-DE": "Brodelnde Teergrube",
            "es-ES": "Pozo de brea burbujeante",
            "it-IT": "Fossa di pece bollente",
            "nl-NL": "Borrelende teerpoel",
            "sv-SE": "Sjudande tjärgrop",
            "ko-KR": "거품이 이는 타르갱",
            "zh-TW": "冒泡的瀝青坑",
            "pt-BR": "Poço de Piche Borbulhante",
            "cs-CZ": "Bublající bažina",
            "pl-PL": "Bulgocząca smoła",
            "ru-RU": "Ловушка"
        }
    }
}
