{
    "id": "rct2.tt.hevbth05",
    "authors": ["Frontier Studios"],
    "version": "1.0",
    "originalId": "0E24F821|HEVBTH05|56748D46",
    "sourceGame": "rct2tt",
    "objectType": "scenery_small",
    "properties": {
        "price": 24,
        "removalPrice": -18,
        "cursor": "CURSOR_STATUE_DOWN",
        "height": 32,
        "sceneryGroup": "SCGWALLS",
        "shape": "2/4",
        "SMALL_SCENERY_FLAG_VOFFSET_CENTRE": true,
        "requiresFlatSurface": true,
        "isRotatable": true,
        "isStackable": true,
        "prohibitWalls": true,
        "hasNoSupports": true
    },
    "images": ["$RCT2:OBJDATA/HEVBTH05.DAT[0..3]"],
    "strings": {
        "name": {
            "en-GB": "Heavenly Baths Arch",
            "fr-FR": "Arche des thermes divins",
            "de-DE": "Gewölbe der Himmlischen Bäder",
            "es-ES": "Arco de termas de los dioses",
            "it-IT": "Arco delle Terme Celestiali",
            "nl-NL": "Boog Hemelse baden",
            "sv-SE": "Båge, himmelskt bad",
            "ko-KR": "천상의 욕실 아치형 구조물",
            "zh-TW": "天國浴場拱門",
            "pt-BR": "Arco de Banho Celestial",
            "cs-CZ": "Nebeská koupel - Oblouk",
            "pl-PL": "Arkada niebiańskich łaţni",
            "ru-RU": "Арка"
        }
    }
}
