{
    "id": "rct2.tt.hrbwal01",
    "authors": ["Frontier Studios"],
    "version": "1.0",
    "originalId": "0E24FA21|HRBWAL01|A653D168",
    "sourceGame": "rct2tt",
    "objectType": "scenery_small",
    "properties": {
        "price": 18,
        "removalPrice": -12,
        "cursor": "CURSOR_STATUE_DOWN",
        "height": 32,
        "shape": "4/4",
        "SMALL_SCENERY_FLAG_VOFFSET_CENTRE": true,
        "requiresFlatSurface": true,
        "isRotatable": true,
        "isStackable": true,
        "prohibitWalls": true,
        "hasNoSupports": true
    },
    "images": ["$RCT2:OBJDATA/HRBWAL01.DAT[0..3]"],
    "strings": {
        "name": {
            "en-GB": "Harbour Wall",
            "fr-FR": "Mur du port",
            "de-DE": "Hafenmauer",
            "es-ES": "Muro del puerto",
            "it-IT": "Muro del porto",
            "nl-NL": "Havenmuur",
            "sv-SE": "Hamnvägg",
            "ko-KR": "항구 벽",
            "zh-TW": "港口牆面",
            "pt-BR": "Parede de Porto",
            "cs-CZ": "Přístav - stěna",
            "pl-PL": "Mur przystani",
            "ru-RU": "Деталь"
        }
    }
}
