{
    "id": "rct2.tt.primroot",
    "authors": ["Frontier Studios"],
    "version": "1.0",
    "originalId": "0E24F721|PRIMROOT|AD03B0B3",
    "sourceGame": "rct2tt",
    "objectType": "scenery_small",
    "properties": {
        "price": 14,
        "removalPrice": -9,
        "cursor": "CURSOR_FENCE_DOWN",
        "height": 32,
        "animationDelay": 2,
        "animationMask": 15,
        "numFrames": 16,
        "sceneryGroup": "SCGFENCE",
        "shape": "2/4",
        "SMALL_SCENERY_FLAG_VOFFSET_CENTRE": true,
        "requiresFlatSurface": true,
        "isRotatable": true,
        "isAnimated": true,
        "isStackable": true,
        "hasNoSupports": true,
        "SMALL_SCENERY_FLAG_VISIBLE_WHEN_ZOOMED": true,
        "frameOffsets": [0, 1, 2, 3, 4, 5, 6, 7, 8, 9, 10, 11, 12, 13, 14, 15]
    },
    "images": ["$RCT2:OBJDATA/PRIMROOT.DAT[0..67]"],
    "strings": {
        "name": {
            "en-GB": "Wood Fence with Climbing Vines",
            "fr-FR": "Clôture de bois avec vigne grimpante",
            "de-DE": "Holzzaun mit Kletterranken",
            "es-ES": "Valla de madera con enredaderas",
            "it-IT": "Recinto di legno con viti rampicanti",
            "nl-NL": "Houten hek met klimmende wijnstokken",
            "sv-SE": "Trästaket med slingerväxter",
            "ko-KR": "넝쿨이 자란 나무 울타리",
            "zh-TW": "有爬藤的木頭柵欄",
            "pt-BR": "Cerca de Madeira com Trepadeiras",
            "cs-CZ": "Dřevěný plot s vinou révou",
            "pl-PL": "Drewniany płot z pnączami",
            "ru-RU": "Деревянная ограда"
        }
    }
}
