{
    "id": "rct2.tt.clnsmen1",
    "authors": ["Frontier Studios"],
    "version": "1.0",
    "originalId": "0E24F821|CLNSMEN1|C8720CCA",
    "sourceGame": "rct2tt",
    "objectType": "scenery_small",
    "properties": {
        "price": 46,
        "removalPrice": -38,
        "cursor": "CURSOR_STATUE_DOWN",
        "height": 32,
        "animationDelay": 2,
        "animationMask": 31,
        "numFrames": 15,
        "shape": "4/4",
        "SMALL_SCENERY_FLAG_VOFFSET_CENTRE": true,
        "isRotatable": true,
        "isAnimated": true,
        "isStackable": true,
        "hasNoSupports": true,
        "SMALL_SCENERY_FLAG_VISIBLE_WHEN_ZOOMED": true,
        "frameOffsets": [0, 1, 2, 3, 4, 5, 6, 7, 8, 9, 10, 11, 12, 13, 14, 15, 0, 0, 0]
    },
    "images": ["$RCT2:OBJDATA/CLNSMEN1.DAT[0..67]"],
    "strings": {
        "name": {
            "en-GB": "Animatronic Clansman",
            "fr-FR": "Automate : membre de guilde",
            "de-DE": "Animatronic Clanmitglied",
            "es-ES": "Animatrónica hombre del clan",
            "it-IT": "Animatrone membro di un clan",
            "nl-NL": "Animatronische Stamgenoot",
            "sv-SE": "Klanmedlem (animatronisk)",
            "ko-KR": "움직이는 문중 사람",
            "zh-TW": "王室機械偶",
            "pt-BR": "Membro de Tribo Animatrônico",
            "cs-CZ": "Pohybující se člen klanu",
            "pl-PL": "Mechaniczny jaskiniowiec",
            "ru-RU": "Человек"
        }
    }
}
