{
    "id": "rct2.tt.meteorcr",
    "authors": ["Frontier Studios"],
    "version": "1.0",
    "originalId": "0E24F721|METEORCR|67DE3B91",
    "sourceGame": "rct2tt",
    "objectType": "scenery_small",
    "properties": {
        "price": 13,
        "removalPrice": 10,
        "cursor": "CURSOR_STATUE_DOWN",
        "height": 48,
        "sceneryGroup": "SCGWALLS",
        "shape": "3/4+D",
        "SMALL_SCENERY_FLAG_VOFFSET_CENTRE": true,
        "isRotatable": true,
        "isStackable": true,
        "hasNoSupports": true
    },
    "images": ["$RCT2:OBJDATA/METEORCR.DAT[0..3]"],
    "strings": {
        "name": {
            "en-GB": "Meteor Crater Corner",
            "fr-FR": "Virage de cratère météoritique",
            "de-DE": "Meteoritenkrater-Ecke",
            "es-ES": "Esquina de cráter de meteorito",
            "it-IT": "Curva del cratere meteoritico",
            "nl-NL": "Bocht meteoorkrater",
            "sv-SE": "Hörn, meteorkrater",
            "ko-KR": "운석 크레이터 구석",
            "zh-TW": "隕石坑牆角",
            "pt-BR": "Canto de Cratera de Meteoro",
            "cs-CZ": "Kráter",
            "pl-PL": "Narożnik krateru po meteorycie",
            "ru-RU": "Деталь кратера"
        }
    }
}
