{
    "id": "rct2.tt.futsky35",
    "authors": ["Frontier Studios"],
    "version": "1.0",
    "originalId": "0E24FB21|FUTSKY35|19F42E80",
    "sourceGame": "rct2tt",
    "objectType": "scenery_small",
    "properties": {
        "price": 8,
        "removalPrice": 4,
        "cursor": "CURSOR_STATUE_DOWN",
        "height": 32,
        "sceneryGroup": "SCGWALLS",
        "shape": "4/4",
        "SMALL_SCENERY_FLAG_VOFFSET_CENTRE": true,
        "requiresFlatSurface": true,
        "isRotatable": true,
        "isStackable": true,
        "prohibitWalls": true,
        "hasNoSupports": true
    },
    "images": ["$RCT2:OBJDATA/FUTSKY35.DAT[0..3]"],
    "strings": {
        "name": {
            "en-GB": "Sandstone Skyscraper Mid Curved Slope",
            "fr-FR": "Pente courbe médiane du gratte-ciel d'obsidienne",
            "de-DE": "Sandstein-Wolkenkratzer Mittelstück Gewundene Schräge",
            "es-ES": "Pendiente inclinada media de rascacielos de arenisca",
            "it-IT": "Pendio in curva di mezzo del grattacielo in arenaria",
            "nl-NL": "Helling Glooiend Midden Zandstenen Wolkenkrabber",
            "sv-SE": "Mittdel av böjd sluttning, sandstensskyskrapa",
            "ko-KR": "사암 마천루 중간 곡선형 경사",
            "zh-TW": "黑曜石摩天大樓弧形斜坡中段",
            "pt-BR": "Inclinação Curvada Mediana de Arranha-Céu de Arenito",
            "cs-CZ": "Pískovcový mrakodrap - střední zaoblená část",
            "pl-PL": "Wieżowiec z piaskowca - środkowa pochyła krzywizna",
            "ru-RU": "Деталь небоскрёба"
        }
    }
}
