{
    "id": "rct2.tt.hurcluls",
    "authors": ["Frontier Studios"],
    "version": "1.0",
    "originalId": "0E24F821|HURCLULS|2463F5B4",
    "sourceGame": "rct2tt",
    "objectType": "scenery_small",
    "properties": {
        "price": 46,
        "removalPrice": -38,
        "cursor": "CURSOR_STATUE_DOWN",
        "height": 104,
        "shape": "4/4",
        "SMALL_SCENERY_FLAG_VOFFSET_CENTRE": true,
        "requiresFlatSurface": true,
        "isRotatable": true,
        "isStackable": true
    },
    "images": ["$RCT2:OBJDATA/HURCLULS.DAT[0..3]"],
    "strings": {
        "name": {
            "en-GB": "Hercules",
            "fr-FR": "Hercule",
            "de-DE": "Herkules",
            "es-ES": "Hércules",
            "it-IT": "Ercole",
            "sv-SE": "Herkules",
            "ko-KR": "헤라클레스",
            "zh-TW": "大力士海克力斯",
            "pt-BR": "Hércules",
            "cs-CZ": "Herkules",
            "pl-PL": "Herkules",
            "ru-RU": "Геркулес"
        }
    }
}
