{
    "id": "rct2.tt.armrshld",
    "authors": ["Frontier Studios"],
    "version": "1.0",
    "originalId": "0E24F821|ARMRSHLD|A8624E18",
    "sourceGame": "rct2tt",
    "objectType": "scenery_small",
    "properties": {
        "price": 42,
        "removalPrice": -34,
        "cursor": "CURSOR_STATUE_DOWN",
        "height": 72,
        "shape": "4/4",
        "SMALL_SCENERY_FLAG_VOFFSET_CENTRE": true,
        "requiresFlatSurface": true,
        "isRotatable": true,
        "isStackable": true,
        "prohibitWalls": true
    },
    "images": ["$RCT2:OBJDATA/ARMRSHLD.DAT[0..3]"],
    "strings": {
        "name": {
            "en-GB": "Magical Shield",
            "fr-FR": "Bouclier magique",
            "de-DE": "Magisches Schild",
            "es-ES": "Escudo mágico",
            "it-IT": "Scudo magico",
            "nl-NL": "Magisch schild",
            "sv-SE": "Magisk sköld",
            "ko-KR": "마법 방패",
            "zh-TW": "魔法盾牌",
            "pt-BR": "Escudo Mágico",
            "cs-CZ": "Magický štít",
            "pl-PL": "Czarodziejska tarcza",
            "ru-RU": "Волшебный щит"
        }
    }
}
