{
    "id": "rct2.tt.stnesta3",
    "authors": ["Frontier Studios"],
    "version": "1.0",
    "originalId": "0E24F821|STNESTA3|31C4A8AD",
    "sourceGame": "rct2tt",
    "objectType": "scenery_small",
    "properties": {
        "price": 42,
        "removalPrice": -34,
        "cursor": "CURSOR_STATUE_DOWN",
        "height": 48,
        "shape": "4/4",
        "SMALL_SCENERY_FLAG_VOFFSET_CENTRE": true,
        "requiresFlatSurface": true,
        "isRotatable": true,
        "isStackable": true,
        "hasNoSupports": true
    },
    "images": ["$RCT2:OBJDATA/STNESTA3.DAT[0..3]"],
    "strings": {
        "name": {
            "en-GB": "Men Turned to Stone",
            "fr-FR": "Hommes pétrifiés",
            "de-DE": "Versteinerte Menschen",
            "es-ES": "Hombres convertidos en piedra",
            "it-IT": "Uomini tramutati in pietra",
            "nl-NL": "In steen veranderde mannen",
            "sv-SE": "Män förvandlade till sten",
            "ko-KR": "돌이 된 사람",
            "zh-TW": "被變成石頭的人",
            "pt-BR": "Homem Transformado em Pedra",
            "cs-CZ": "Člověk přeměněný na kámen",
            "pl-PL": "Człowiek zamieniony w kamień",
            "ru-RU": "Каменный человек"
        }
    }
}
