{
    "id": "rct2.tt.rswatres",
    "authors": ["Frontier Studios"],
    "version": "1.0",
    "originalId": "0E24FA21|RSWATRES|B6082361",
    "sourceGame": "rct2tt",
    "objectType": "scenery_small",
    "properties": {
        "price": 46,
        "removalPrice": -38,
        "cursor": "CURSOR_STATUE_DOWN",
        "height": 80,
        "animationDelay": 2,
        "animationMask": 31,
        "numFrames": 15,
        "shape": "4/4",
        "SMALL_SCENERY_FLAG_VOFFSET_CENTRE": true,
        "isRotatable": true,
        "isAnimated": true,
        "isStackable": true,
        "hasNoSupports": true,
        "SMALL_SCENERY_FLAG_VISIBLE_WHEN_ZOOMED": true,
        "frameOffsets": [0, 1, 2, 3, 4, 5, 6, 7, 8, 9, 10, 11, 12, 13, 14, 15, 0, 0, 0]
    },
    "images": ["$RCT2:OBJDATA/RSWATRES.DAT[0..67]"],
    "strings": {
        "name": {
            "en-GB": "Rollerskating Waitress",
            "fr-FR": "Déesse du patin à roulettes",
            "de-DE": "Rollschuhfahrende Bedienung",
            "es-ES": "Camarera con patines",
            "it-IT": "Cameriera sui pattini a rotelle",
            "nl-NL": "Serveerster op Rolschaatsen",
            "sv-SE": "Servitris på rullskridskor",
            "ko-KR": "롤러스케이팅 웨이트리스",
            "zh-TW": "溜冰的女服務生",
            "pt-BR": "Garçonete de Patins",
            "cs-CZ": "Bruslící číšnice",
            "pl-PL": "Kelnerka na wrotkach",
            "ru-RU": "Официантка"
        }
    }
}
