{
    "id": "rct2.tt.indwal28",
    "authors": ["Frontier Studios"],
    "version": "1.0",
    "originalId": "0E24F921|INDWAL28|41713A04",
    "sourceGame": "rct2tt",
    "objectType": "scenery_small",
    "properties": {
        "price": 8,
        "removalPrice": -6,
        "cursor": "CURSOR_STATUE_DOWN",
        "height": 8,
        "sceneryGroup": "SCGWALLS",
        "shape": "4/4",
        "SMALL_SCENERY_FLAG_VOFFSET_CENTRE": true,
        "requiresFlatSurface": true,
        "isRotatable": true,
        "isStackable": true,
        "prohibitWalls": true,
        "hasNoSupports": true
    },
    "images": ["$RCT2:OBJDATA/INDWAL28.DAT[0..3]"],
    "strings": {
        "name": {
            "en-GB": "Industrial Roof Piece",
            "fr-FR": "Section de toit industriel",
            "de-DE": "Industriedachstück",
            "es-ES": "Sección de muro industrial",
            "it-IT": "Tratto di tetto industriale",
            "nl-NL": "Dakstuk Industrie",
            "sv-SE": "Industriell takdel",
            "ko-KR": "산업 지붕 조각",
            "zh-TW": "工業屋頂塊",
            "pt-BR": "Peça de Telhado Industrial",
            "cs-CZ": "Industriální střecha",
            "pl-PL": "Segment dachu przemysłowego",
            "ru-RU": "Индустриальная крыша"
        }
    }
}
