{
    "id": "rct2.tt.spcshp08",
    "authors": ["Frontier Studios"],
    "version": "1.0",
    "originalId": "0E24FB21|SPCSHP08|80310BF5",
    "sourceGame": "rct2tt",
    "objectType": "scenery_small",
    "properties": {
        "price": 40,
        "removalPrice": -32,
        "cursor": "CURSOR_STATUE_DOWN",
        "height": 32,
        "animationDelay": 3,
        "animationMask": 15,
        "numFrames": 16,
        "shape": "4/4",
        "SMALL_SCENERY_FLAG_VOFFSET_CENTRE": true,
        "isRotatable": true,
        "isAnimated": true,
        "isStackable": true,
        "hasNoSupports": true,
        "SMALL_SCENERY_FLAG_VISIBLE_WHEN_ZOOMED": true,
        "frameOffsets": [0, 1, 2, 3, 4, 5, 6, 7, 8, 9, 10, 11, 12, 13, 14, 15]
    },
    "images": ["$RCT2:OBJDATA/SPCSHP08.DAT[0..67]"],
    "strings": {
        "name": {
            "en-GB": "Space Ship Fuel Section",
            "fr-FR": "Section carburant du vaisseau spatial",
            "de-DE": "Raumschiff Treibstofftrakt",
            "es-ES": "Sección de combustible de nave espacial",
            "it-IT": "Sezione di rifornimento della navicella spaziale",
            "nl-NL": "Brandstofgedeelte Ruimteschip",
            "sv-SE": "Bränslesektion, rymdskepp",
            "ko-KR": "우주선 연료 섹션",
            "zh-TW": "太空船燃料區",
            "pt-BR": "Seção de Combustível de Estação Espacial",
            "cs-CZ": "Vesmírná loď - palivová sekce",
            "pl-PL": "Statek kosmiczny - sekcja paliwowa",
            "ru-RU": "Секция корабля"
        }
    }
}
