{
    "id": "rct2.tt.1920slmp",
    "authors": ["Frontier Studios"],
    "version": "1.0",
    "originalId": "0E24FA21|1920SLMP|F4E542CD",
    "sourceGame": "rct2tt",
    "objectType": "scenery_small",
    "properties": {
        "price": 12,
        "removalPrice": -9,
        "cursor": "CURSOR_STATUE_DOWN",
        "height": 72,
        "shape": "4/4",
        "isRotatable": true,
        "isStackable": true
    },
    "images": ["$RCT2:OBJDATA/1920SLMP.DAT[0..3]"],
    "strings": {
        "name": {
            "en-GB": "Period Street Lamps",
            "fr-FR": "Réverbères d'époque",
            "de-DE": "Antike Straßenlaternen",
            "es-ES": "Punto de farolas",
            "it-IT": "Lampioni ricorrenti",
            "nl-NL": "Antieke straatlantaarns",
            "sv-SE": "Tidsenliga gatlyktor",
            "ko-KR": "기간 가로등",
            "zh-TW": "區間路燈",
            "pt-BR": "Postes de Luz de Época",
            "cs-CZ": "Stará pouliční lampa",
            "pl-PL": "Stylowe lampy uliczne",
            "ru-RU": "Уличные фонари"
        }
    }
}
