{
    "id": "rct2.tt.metrcrs1",
    "authors": ["Frontier Studios"],
    "version": "1.0",
    "originalId": "0E24F721|METRCRS1|8078234F",
    "sourceGame": "rct2tt",
    "objectType": "scenery_small",
    "properties": {
        "price": 200,
        "removalPrice": -200,
        "cursor": "CURSOR_STATUE_DOWN",
        "height": 32,
        "sceneryGroup": "SCGWALLS",
        "shape": "4/4",
        "SMALL_SCENERY_FLAG_VOFFSET_CENTRE": true,
        "requiresFlatSurface": true,
        "isRotatable": true,
        "isStackable": true,
        "prohibitWalls": true,
        "hasNoSupports": true
    },
    "images": ["$RCT2:OBJDATA/METRCYS1.DAT[0..3]"],
    "strings": {
        "name": {
            "en-GB": "Meteor Crater Wall with Crystals",
            "fr-FR": "Mur de cratère météoritique incrusté de cristaux",
            "de-DE": "Meteoritenkrater-Mauer mit Kristallen",
            "es-ES": "Pared de cráter de meteorito con cristales",
            "it-IT": "Parete del cratere meteoritico con cristalli",
            "nl-NL": "Muur meteoorkrater met kristallen",
            "sv-SE": "Hörn med kristaller, meteorkrater",
            "ko-KR": "수정이 있는 운석 크레이터 벽",
            "zh-TW": "含有水晶的隕石坑牆面",
            "pt-BR": "Parede de Cratera de Meteoro com Cristais",
            "cs-CZ": "Kráter - stěna s krystaly",
            "pl-PL": "Ściana krateru po meteorycie z kryształami",
            "ru-RU": "Кратер с Кристаллами"
        }
    }
}
