{
    "id": "rct2.tt.ggntspid",
    "authors": ["Frontier Studios"],
    "version": "1.0",
    "originalId": "0E24FA21|GGNTSPID|9A823DCA",
    "sourceGame": "rct2tt",
    "objectType": "scenery_small",
    "properties": {
        "price": 42,
        "removalPrice": -38,
        "cursor": "CURSOR_STATUE_DOWN",
        "height": 16,
        "animationDelay": 2,
        "animationMask": 31,
        "numFrames": 15,
        "shape": "4/4",
        "SMALL_SCENERY_FLAG_VOFFSET_CENTRE": true,
        "isRotatable": true,
        "isAnimated": true,
        "isStackable": true,
        "hasNoSupports": true,
        "SMALL_SCENERY_FLAG_VISIBLE_WHEN_ZOOMED": true,
        "frameOffsets": [0, 1, 2, 3, 4, 5, 6, 7, 8, 9, 10, 11, 12, 13, 14, 15, 0, 0, 0]
    },
    "images": ["$RCT2:OBJDATA/GGNTSPID.DAT[0..67]"],
    "strings": {
        "name": {
            "en-GB": "B-Movie Giant Spider",
            "fr-FR": "Araignée géante de film de série B",
            "de-DE": "Riesige B-Movie-Spinne",
            "es-ES": "Araña gigante de película de serie B",
            "it-IT": "Ragno gigante B-Movie",
            "nl-NL": "B-film reuzenspin",
            "sv-SE": "Jättespindel från B-film",
            "ko-KR": "B급 영화 대형 거미",
            "zh-TW": "二流片大蜘蛛",
            "pt-BR": "Aranha Gigante de Filme B",
            "cs-CZ": "Béčkový obrovský pavouk",
            "pl-PL": "Olbrzymi pająk z kiepskiego dreszczowca",
            "ru-RU": "Паук"
        }
    }
}
