{
    "id": "rct2.tt.jailxx13",
    "authors": ["Frontier Studios"],
    "version": "1.0",
    "originalId": "0E24FA21|JAILXX13|5A231304",
    "sourceGame": "rct2tt",
    "objectType": "scenery_small",
    "properties": {
        "price": 18,
        "removalPrice": -12,
        "cursor": "CURSOR_STATUE_DOWN",
        "height": 32,
        "sceneryGroup": "SCGWALLS",
        "shape": "3/4+D",
        "SMALL_SCENERY_FLAG_VOFFSET_CENTRE": true,
        "requiresFlatSurface": true,
        "isRotatable": true,
        "isStackable": true,
        "prohibitWalls": true,
        "hasNoSupports": true
    },
    "images": ["$RCT2:OBJDATA/JAILXX13.DAT[0..3]"],
    "strings": {
        "name": {
            "en-GB": "Prison Inverted Piece",
            "fr-FR": "Section inversée de prison",
            "de-DE": "Umgedrehtes Gefängnisstück",
            "es-ES": "Sección inversa de prisión",
            "it-IT": "Tratto invertito della prigione",
            "nl-NL": "Omgekeerd stuk Gevangenis",
            "sv-SE": "Omvänd del, fängelse",
            "ko-KR": "반전된 감옥 조각",
            "zh-TW": "反向監獄塊",
            "pt-BR": "Peça Invertida de Prisão",
            "cs-CZ": "Věznice - obrácená část",
            "pl-PL": "Odwrócony segment więzienny",
            "ru-RU": "Деталь тюрьмы"
        }
    }
}
