{
    "id": "rct2.tt.dkfight2",
    "authors": ["Frontier Studios"],
    "version": "1.0",
    "originalId": "0E24F821|DKFIGHT2|F5EDB154",
    "sourceGame": "rct2tt",
    "objectType": "scenery_small",
    "properties": {
        "price": 50,
        "removalPrice": -46,
        "cursor": "CURSOR_STATUE_DOWN",
        "height": 64,
        "animationDelay": 2,
        "animationMask": 31,
        "numFrames": 15,
        "shape": "4/4",
        "SMALL_SCENERY_FLAG_VOFFSET_CENTRE": true,
        "isRotatable": true,
        "isAnimated": true,
        "isStackable": true,
        "hasNoSupports": true,
        "SMALL_SCENERY_FLAG_VISIBLE_WHEN_ZOOMED": true,
        "frameOffsets": [0, 1, 2, 3, 4, 5, 6, 7, 8, 9, 10, 11, 12, 13, 14, 15, 0, 0, 0]
    },
    "images": ["$RCT2:OBJDATA/DKFIGHT2.DAT[0..67]"],
    "strings": {
        "name": {
            "en-GB": "Animatronic Knight",
            "fr-FR": "Automate : chevalier",
            "de-DE": "Animatronic Ritter",
            "es-ES": "Animatrónica caballero",
            "it-IT": "Animatrone cavaliere",
            "nl-NL": "Animatronische Ridder",
            "sv-SE": "Knekt (animatronisk)",
            "ko-KR": "움직이는 기사",
            "zh-TW": "騎士機械偶",
            "pt-BR": "Cavaleiro Animatrônico",
            "cs-CZ": "Pohybující se rytíř",
            "pl-PL": "Mechaniczny rycerz",
            "ru-RU": "Рыцарь"
        }
    }
}
