{
    "id": "rct2.tt.spcshp02",
    "authors": ["Frontier Studios"],
    "version": "1.0",
    "originalId": "0E24FB21|SPCSHP02|F82DAA91",
    "sourceGame": "rct2tt",
    "objectType": "scenery_small",
    "properties": {
        "price": 40,
        "removalPrice": -32,
        "cursor": "CURSOR_STATUE_DOWN",
        "height": 72,
        "animationDelay": 3,
        "animationMask": 15,
        "numFrames": 16,
        "shape": "4/4",
        "SMALL_SCENERY_FLAG_VOFFSET_CENTRE": true,
        "isRotatable": true,
        "isAnimated": true,
        "isStackable": true,
        "hasNoSupports": true,
        "SMALL_SCENERY_FLAG_VISIBLE_WHEN_ZOOMED": true,
        "frameOffsets": [0, 1, 2, 3, 4, 5, 6, 7, 8, 9, 10, 11, 12, 13, 14, 15]
    },
    "images": ["$RCT2:OBJDATA/SPCSHP02.DAT[0..67]"],
    "strings": {
        "name": {
            "en-GB": "Space Ship Comms Section",
            "fr-FR": "Section salle des communications du vaisseau spatial",
            "de-DE": "Raumschiff Kommunikationstrakt",
            "es-ES": "Sección de comunicaciones de nave espacial",
            "it-IT": "Sezione delle comunicazioni della navicella spaziale",
            "nl-NL": "Communicatiegedeelte ruimteschip",
            "sv-SE": "Kommunikationssektion, rymdskepp",
            "ko-KR": "우주선 통신 섹션",
            "zh-TW": "太空船通訊區",
            "pt-BR": "Seção de Comunicação de Estação Espacial",
            "cs-CZ": "Vesmírná loď - komunikační sekce",
            "pl-PL": "Statek kosmiczny - sekcja łączności",
            "ru-RU": "Секция корабля"
        }
    }
}
