{
    "id": "rct2.tt.futsky04",
    "authors": ["Frontier Studios"],
    "version": "1.0",
    "originalId": "0E24FA21|FUTSKY04|39ABA274",
    "sourceGame": "rct2tt",
    "objectType": "scenery_small",
    "properties": {
        "price": 8,
        "removalPrice": 4,
        "cursor": "CURSOR_STATUE_DOWN",
        "height": 32,
        "animationDelay": 3,
        "animationMask": 15,
        "numFrames": 16,
        "sceneryGroup": "SCGWALLS",
        "shape": "4/4",
        "SMALL_SCENERY_FLAG_VOFFSET_CENTRE": true,
        "requiresFlatSurface": true,
        "isRotatable": true,
        "isAnimated": true,
        "isStackable": true,
        "prohibitWalls": true,
        "hasNoSupports": true,
        "SMALL_SCENERY_FLAG_VISIBLE_WHEN_ZOOMED": true,
        "frameOffsets": [0, 1, 2, 3, 4, 5, 6, 7, 8, 9, 10, 11, 12, 13, 14, 15]
    },
    "images": ["$RCT2:OBJDATA/FUTSKY04.DAT[0..67]"],
    "strings": {
        "name": {
            "en-GB": "Sandstone Skyscraper Curved Slope Top",
            "fr-FR": "Haut de la pente en courbe du gratte-ciel",
            "de-DE": "Sandstein-Wolkenkratzer Obere Gewundene Schräge",
            "es-ES": "Parte superior inclinada de rascacielos de arenisca",
            "it-IT": "Cima del pendio in curva del grattacielo in arenaria",
            "nl-NL": "Bovenkant Glooiende Helling Zandstenen Wolkenkrabber",
            "sv-SE": "Övre böjd sluttning, sandstensskyskrapa",
            "ko-KR": "사암 마천루 곡선형 경사 꼭대기",
            "zh-TW": "沙岩製摩天大樓弧形斜坡頂部",
            "pt-BR": "Topo de Inclinação Curvada de Arranha-Céu de Arenito",
            "cs-CZ": "Pískovcový mrakodrap - zaoblený vršek",
            "pl-PL": "Wieżowiec z piaskowca - górna pochyła krzywizna",
            "ru-RU": "Деталь небоскрёба"
        }
    }
}
