{
    "id": "rct2.tt.bigbassx",
    "authors": ["Frontier Studios"],
    "version": "1.0",
    "originalId": "0E24FA21|BIGBASSX|84361EED",
    "sourceGame": "rct2tt",
    "objectType": "scenery_small",
    "properties": {
        "price": 28,
        "removalPrice": -20,
        "cursor": "CURSOR_STATUE_DOWN",
        "height": 160,
        "shape": "4/4",
        "isRotatable": true,
        "hasPrimaryColour": true,
        "isStackable": true
    },
    "images": ["$RCT2:OBJDATA/BIGBASSX.DAT[0..3]"],
    "strings": {
        "name": {
            "en-GB": "Giant Bass Guitar",
            "fr-FR": "Guitare basse géante",
            "de-DE": "Riesige Bassgitarre",
            "es-ES": "Bajo gigante",
            "it-IT": "Chitarra basso gigante",
            "nl-NL": "Reusachtige Basgitaar",
            "sv-SE": "Jättebas",
            "ko-KR": "대형 베이스 기타",
            "zh-TW": "巨型低音吉他",
            "pt-BR": "Baixo Gigante",
            "cs-CZ": "Obrovská baskytara",
            "pl-PL": "Olbrzymia gitara basowa",
            "ru-RU": "Бас-гитара"
        }
    }
}
