{
    "id": "rct2.tt.valkri02",
    "authors": ["Frontier Studios"],
    "version": "1.0",
    "originalId": "0E24F821|VALKRI02|1D21D785",
    "sourceGame": "rct2tt",
    "objectType": "scenery_small",
    "properties": {
        "price": 68,
        "removalPrice": -54,
        "cursor": "CURSOR_STATUE_DOWN",
        "height": 88,
        "shape": "4/4",
        "SMALL_SCENERY_FLAG_VOFFSET_CENTRE": true,
        "requiresFlatSurface": true,
        "isRotatable": true,
        "isStackable": true
    },
    "images": ["$RCT2:OBJDATA/VALKRI02.DAT[0..3]"],
    "strings": {
        "name": {
            "en-GB": "Valkyrie",
            "fr-FR": "Walkyrie",
            "de-DE": "Walküre",
            "es-ES": "Valkiria",
            "it-IT": "Valchiria",
            "nl-NL": "Walkure",
            "sv-SE": "Valkyria",
            "ko-KR": "발키리",
            "zh-TW": "女武神",
            "pt-BR": "Valkiria",
            "cs-CZ": "Valkýra",
            "pl-PL": "Walkiria",
            "ru-RU": "Валькирия"
        }
    }
}
