{
    "id": "rct2.tt.schndrum",
    "authors": ["Frontier Studios"],
    "version": "1.0",
    "originalId": "0E24FA21|SCHNDRUM|A1C692EA",
    "sourceGame": "rct2tt",
    "objectType": "scenery_small",
    "properties": {
        "price": 8,
        "removalPrice": -4,
        "cursor": "CURSOR_STATUE_DOWN",
        "height": 8,
        "shape": "4/4",
        "isRotatable": true,
        "hasPrimaryColour": true,
        "isStackable": true
    },
    "images": ["$RCT2:OBJDATA/SCHNDRUM.DAT[0..3]"],
    "strings": {
        "name": {
            "en-GB": "Oil Barrel",
            "fr-FR": "Baril de pétrole",
            "de-DE": "Ölfass",
            "es-ES": "Barril de petróleo",
            "it-IT": "Barile d'olio",
            "nl-NL": "Olievat",
            "sv-SE": "Oljetunna",
            "ko-KR": "기름통",
            "zh-TW": "油桶",
            "pt-BR": "Barril de Óleo",
            "cs-CZ": "Barel ropy",
            "pl-PL": "Baryłka ropy",
            "ru-RU": "Бочка"
        }
    }
}
