{
    "id": "rct2.tt.tarpit01",
    "authors": ["Frontier Studios"],
    "version": "1.0",
    "originalId": "0E24F721|TARPIT01|CEEB4448",
    "sourceGame": "rct2tt",
    "objectType": "scenery_small",
    "properties": {
        "price": 9,
        "removalPrice": -6,
        "cursor": "CURSOR_STATUE_DOWN",
        "height": 24,
        "animationDelay": 2,
        "animationMask": 15,
        "numFrames": 16,
        "shape": "4/4",
        "SMALL_SCENERY_FLAG_VOFFSET_CENTRE": true,
        "requiresFlatSurface": true,
        "isRotatable": true,
        "isAnimated": true,
        "isStackable": true,
        "hasNoSupports": true,
        "SMALL_SCENERY_FLAG_VISIBLE_WHEN_ZOOMED": true,
        "frameOffsets": [0, 1, 2, 3, 4, 5, 6, 7, 8, 9, 10, 11, 12, 13, 14, 15]
    },
    "images": ["$RCT2:OBJDATA/TARPIT01.DAT[0..67]"],
    "strings": {
        "name": {
            "en-GB": "Bubbling Tarpit",
            "fr-FR": "Puits de pétrole bouillonnant",
            "de-DE": "Brodelnde Teergrube",
            "es-ES": "Pozo de brea burbujeante",
            "it-IT": "Fossa di pece bollente",
            "nl-NL": "Borrelende teerpoel",
            "sv-SE": "Sjudande tjärgrop",
            "ko-KR": "거품이 이는 타르갱",
            "zh-TW": "冒泡的瀝青坑",
            "pt-BR": "Poço de Piche Borbulhante",
            "cs-CZ": "Bublající bažina",
            "pl-PL": "Bulgocząca smoła",
            "ru-RU": "Ловушка"
        }
    }
}
