{
    "id": "rct2.tt.futsky36",
    "authors": ["Frontier Studios"],
    "version": "1.0",
    "originalId": "0E24FB21|FUTSKY36|88DB72DD",
    "sourceGame": "rct2tt",
    "objectType": "scenery_small",
    "properties": {
        "price": 8,
        "removalPrice": 4,
        "cursor": "CURSOR_STATUE_DOWN",
        "height": 32,
        "animationDelay": 3,
        "animationMask": 15,
        "numFrames": 16,
        "sceneryGroup": "SCGWALLS",
        "shape": "4/4",
        "SMALL_SCENERY_FLAG_VOFFSET_CENTRE": true,
        "requiresFlatSurface": true,
        "isRotatable": true,
        "isAnimated": true,
        "isStackable": true,
        "prohibitWalls": true,
        "hasNoSupports": true,
        "SMALL_SCENERY_FLAG_VISIBLE_WHEN_ZOOMED": true,
        "SMALL_SCENERY_FLAG_COG": true,
        "frameOffsets": [0, 1, 2, 3, 4, 5, 6, 7, 8, 9, 10, 11, 12, 13, 14, 15]
    },
    "images": ["$RCT2:OBJDATA/FUTSKY36.DAT[0..67]"],
    "strings": {
        "name": {
            "en-GB": "Obsidian SkyScraper Door Piece",
            "fr-FR": "Section de porte du gratte-ciel d'obsidienne",
            "de-DE": "Obsidian-Wolkenkratzer Türstück",
            "es-ES": "Sección de puerta de rascacielos de obsidiana",
            "it-IT": "Tratto di porta del grattacielo in ossidiana",
            "nl-NL": "Deurstuk Wolkenkrabber van Lavaglas",
            "sv-SE": "Dörr, obsidianskyskrapa",
            "ko-KR": "흑요석 마천루 문 조각",
            "zh-TW": "黑曜石摩天大樓門口塊",
            "pt-BR": "Peça de Porta de Arranha-Céu Obsidiana",
            "cs-CZ": "Mrakodrap ze sopečného skla - dveře",
            "pl-PL": "Wieżowiec z obsydianu - segment drzwi",
            "ru-RU": "Деталь небоскрёба"
        }
    }
}
