{
    "id": "rct2.tt.guyqwifx",
    "authors": ["Frontier Studios"],
    "version": "1.0",
    "originalId": "0E24FA21|GUYQWIFX|C3492510",
    "sourceGame": "rct2tt",
    "objectType": "scenery_small",
    "properties": {
        "price": 46,
        "removalPrice": -38,
        "cursor": "CURSOR_STATUE_DOWN",
        "height": 64,
        "animationDelay": 2,
        "animationMask": 15,
        "numFrames": 16,
        "shape": "4/4",
        "SMALL_SCENERY_FLAG_VOFFSET_CENTRE": true,
        "isRotatable": true,
        "isAnimated": true,
        "isStackable": true,
        "hasNoSupports": true,
        "SMALL_SCENERY_FLAG_VISIBLE_WHEN_ZOOMED": true,
        "frameOffsets": [0, 1, 2, 3, 4, 5, 6, 7, 8, 9, 10, 11, 12, 13, 14, 15]
    },
    "images": ["$RCT2:OBJDATA/GUYQWIFX.DAT[0..67]"],
    "strings": {
        "name": {
            "en-GB": "Singer with Quiff",
            "fr-FR": "Chanteur à banane",
            "de-DE": "Sänger mit Tolle",
            "es-ES": "Cantante con copete",
            "it-IT": "Cantante con cappello",
            "nl-NL": "Zanger met Kuif",
            "sv-SE": "Sångare med pannlock",
            "ko-KR": "밤 무대 가수",
            "zh-TW": "捲髮歌者",
            "pt-BR": "Cantor com Qwiff",
            "cs-CZ": "Zpěvák s patkou",
            "pl-PL": "Piosenkarz",
            "ru-RU": "Певец"
        }
    }
}
