{
    "id": "rct2.tt.elecfen4",
    "authors": ["Frontier Studios"],
    "version": "1.0",
    "originalId": "0E24F721|ELECFEN4|59B6A582",
    "sourceGame": "rct2tt",
    "objectType": "scenery_small",
    "properties": {
        "price": 33,
        "removalPrice": -26,
        "cursor": "CURSOR_FENCE_DOWN",
        "height": 64,
        "animationDelay": 2,
        "animationMask": 15,
        "numFrames": 16,
        "sceneryGroup": "SCGFENCE",
        "shape": "2/4",
        "SMALL_SCENERY_FLAG_VOFFSET_CENTRE": true,
        "requiresFlatSurface": true,
        "isRotatable": true,
        "isAnimated": true,
        "isStackable": true,
        "prohibitWalls": true,
        "hasNoSupports": true,
        "SMALL_SCENERY_FLAG_VISIBLE_WHEN_ZOOMED": true,
        "frameOffsets": [0, 1, 2, 3, 4, 5, 6, 7, 8, 9, 10, 11, 12, 13, 14, 15]
    },
    "images": ["$RCT2:OBJDATA/ELECFEN4.DAT[0..67]"],
    "strings": {
        "name": {
            "en-GB": "Electric Fence Broken",
            "fr-FR": "Clôture électrique cassée",
            "de-DE": "Kaputter Elektrozaun",
            "es-ES": "Valla electrificada rota",
            "it-IT": "Recinzione elettrica rotta",
            "nl-NL": "Kapot elektrisch hek",
            "sv-SE": "Trasigt elektriskt staket",
            "ko-KR": "부서진 전기 울타리",
            "zh-TW": "通電柵欄損壞",
            "pt-BR": "Cerca Elétrica Quebrada",
            "cs-CZ": "Elektrický ohradník - rozbitý",
            "pl-PL": "Zepsute elektryczne ogrodzenie",
            "ru-RU": "Сломанный забор"
        }
    }
}
