{
    "id": "rct2.tt.compeyex",
    "authors": ["Frontier Studios"],
    "version": "1.0",
    "originalId": "0E24FA21|COMPEYEX|53AD714A",
    "sourceGame": "rct2tt",
    "objectType": "scenery_small",
    "properties": {
        "price": 8,
        "removalPrice": -6,
        "cursor": "CURSOR_STATUE_DOWN",
        "height": 40,
        "animationDelay": 2,
        "animationMask": 15,
        "numFrames": 16,
        "shape": "1/4",
        "SMALL_SCENERY_FLAG_VOFFSET_CENTRE": true,
        "isRotatable": true,
        "isAnimated": true,
        "isStackable": true,
        "SMALL_SCENERY_FLAG_VISIBLE_WHEN_ZOOMED": true,
        "SMALL_SCENERY_FLAG_COG": true,
        "frameOffsets": [0, 1, 2, 3, 4, 5, 6, 7, 8, 9, 10, 11, 12, 13, 14, 15]
    },
    "images": ["$RCT2:OBJDATA/COMPEYEX.DAT[0..67]"],
    "strings": {
        "name": {
            "en-GB": "Super Computer Monitor",
            "fr-FR": "Moniteur de super ordinateur",
            "de-DE": "Supercomputer-Monitor",
            "es-ES": "Monitor de superordenador",
            "it-IT": "Monitor del super computer",
            "nl-NL": "Monitor Supercomputer",
            "sv-SE": "Monitor till superdator",
            "ko-KR": "수퍼 컴퓨터 모니터",
            "zh-TW": "超級電腦螢幕",
            "pt-BR": "Monitor de Supercomputador",
            "cs-CZ": "Super monitor",
            "pl-PL": "Monitor superkomputera",
            "ru-RU": "Монитор компьютера"
        }
    }
}
