{
    "id": "rct2.tt.speakr01",
    "authors": ["Frontier Studios"],
    "version": "1.0",
    "originalId": "0E24FA21|SPEAKR01|D80BC1A4",
    "sourceGame": "rct2tt",
    "objectType": "scenery_small",
    "properties": {
        "price": 12,
        "removalPrice": -6,
        "cursor": "CURSOR_STATUE_DOWN",
        "height": 32,
        "animationDelay": 2,
        "animationMask": 15,
        "numFrames": 16,
        "shape": "4/4",
        "SMALL_SCENERY_FLAG_VOFFSET_CENTRE": true,
        "isRotatable": true,
        "isAnimated": true,
        "isStackable": true,
        "SMALL_SCENERY_FLAG_VISIBLE_WHEN_ZOOMED": true,
        "SMALL_SCENERY_FLAG_COG": true,
        "frameOffsets": [0, 1, 2, 3, 4, 5, 6, 7, 8, 9, 10, 11, 12, 13, 14, 15]
    },
    "images": ["$RCT2:OBJDATA/SPEAKR01.DAT[0..67]"],
    "strings": {
        "name": {
            "en-GB": "Small Speaker",
            "fr-FR": "Petit haut-parleur",
            "de-DE": "Kleiner Lautsprecher",
            "es-ES": "Altavoz pequeño",
            "it-IT": "Piccolo altoparlante",
            "nl-NL": "Kleine Luidspreker",
            "sv-SE": "Liten högtalare",
            "ko-KR": "소형 스피커",
            "zh-TW": "小型擴音器",
            "pt-BR": "Alto-Falante Pequeno",
            "cs-CZ": "Malý reproduktor",
            "pl-PL": "Mały głośnik",
            "ru-RU": "Динамик"
        }
    }
}
