{
    "id": "rct2.tt.jailxx03",
    "authors": ["Frontier Studios"],
    "version": "1.0",
    "originalId": "0E24FA21|JAILXX03|4DAA78B0",
    "sourceGame": "rct2tt",
    "objectType": "scenery_small",
    "properties": {
        "price": 18,
        "removalPrice": -12,
        "cursor": "CURSOR_STATUE_DOWN",
        "height": 32,
        "sceneryGroup": "SCGWALLS",
        "shape": "2/4",
        "SMALL_SCENERY_FLAG_VOFFSET_CENTRE": true,
        "requiresFlatSurface": true,
        "isRotatable": true,
        "isStackable": true,
        "prohibitWalls": true,
        "hasNoSupports": true
    },
    "images": ["$RCT2:OBJDATA/JAILXX03.DAT[0..3]"],
    "strings": {
        "name": {
            "en-GB": "Prison Wall Piece",
            "fr-FR": "Section de mur de prison",
            "de-DE": "Gefängnismauerstück",
            "es-ES": "Sección de muro de prisión",
            "it-IT": "Tratto di muro della prigione",
            "nl-NL": "Stuk Gevangenismuur",
            "sv-SE": "Väggdel, fängelse",
            "ko-KR": "감옥 벽 조각",
            "zh-TW": "監獄牆面塊",
            "pt-BR": "Peça de Parede de Prisão",
            "cs-CZ": "Věznice - stěna",
            "pl-PL": "Segment muru więziennego",
            "ru-RU": "Тюремная стена"
        }
    }
}
