{
    "id": "rct2.tt.alnstr04",
    "authors": ["Frontier Studios"],
    "version": "1.0",
    "originalId": "0E24FB21|ALNSTR04|68D3BE3C",
    "sourceGame": "rct2tt",
    "objectType": "scenery_small",
    "properties": {
        "price": 4,
        "removalPrice": -2,
        "cursor": "CURSOR_STATUE_DOWN",
        "height": 8,
        "animationDelay": 3,
        "animationMask": 15,
        "numFrames": 16,
        "sceneryGroup": "SCGWALLS",
        "shape": "4/4",
        "SMALL_SCENERY_FLAG_VOFFSET_CENTRE": true,
        "requiresFlatSurface": true,
        "isRotatable": true,
        "isAnimated": true,
        "isStackable": true,
        "prohibitWalls": true,
        "SMALL_SCENERY_FLAG_VISIBLE_WHEN_ZOOMED": true,
        "SMALL_SCENERY_FLAG_COG": true,
        "frameOffsets": [0, 1, 2, 3, 4, 5, 6, 7, 8, 9, 10, 11, 12, 13, 14, 15]
    },
    "images": ["$RCT2:OBJDATA/ALNSTR04.DAT[0..67]"],
    "strings": {
        "name": {
            "en-GB": "Alien Skylight Small",
            "fr-FR": "Petit voyant lumineux extraterrestre",
            "de-DE": "Außerirdisches Oberlicht Klein",
            "es-ES": "Claraboya alienígena pequeña",
            "it-IT": "Piccolo lucernario alieno",
            "nl-NL": "Kleine Buitenaards Bovenlicht",
            "sv-SE": "Liten utomjordisk strålkastare",
            "ko-KR": "소형 외계 채광창",
            "zh-TW": "外星天窗(小)",
            "pt-BR": "Clarabóia Alienígena Pequena",
            "cs-CZ": "Mimozemské světlo",
            "pl-PL": "Mały lufcik kosmitów",
            "ru-RU": "Инопланетная крыша"
        }
    }
}
