{
    "id": "rct2.tt.zeusstat",
    "authors": ["Frontier Studios"],
    "version": "1.0",
    "originalId": "0E24F821|ZEUSSTAT|41BB425E",
    "sourceGame": "rct2tt",
    "objectType": "scenery_small",
    "properties": {
        "price": 46,
        "removalPrice": -38,
        "cursor": "CURSOR_STATUE_DOWN",
        "height": 96,
        "shape": "4/4",
        "SMALL_SCENERY_FLAG_VOFFSET_CENTRE": true,
        "requiresFlatSurface": true,
        "isRotatable": true,
        "isStackable": true
    },
    "images": ["$RCT2:OBJDATA/ZEUSSTAT.DAT[0..3]"],
    "strings": {
        "name": {
            "en-GB": "Zeus Statue",
            "fr-FR": "Statue de Zeus",
            "de-DE": "Zeus-Statue",
            "es-ES": "Estatua de Zeus",
            "it-IT": "Statua di Zeus",
            "nl-NL": "Zeusstandbeeld",
            "sv-SE": "Zeusstaty",
            "ko-KR": "제우드 동상",
            "zh-TW": "宙斯雕像",
            "pt-BR": "Estátua de Zeus",
            "cs-CZ": "Socha Dia",
            "pl-PL": "Posąg Zeusa",
            "ru-RU": "Зевс"
        }
    }
}
