{
    "id": "rct2.tt.spiktail",
    "authors": ["Frontier Studios"],
    "version": "1.0",
    "originalId": "0E24F721|SPIKTAIL|54523C66",
    "sourceGame": "rct2tt",
    "objectType": "scenery_small",
    "properties": {
        "price": 68,
        "removalPrice": -64,
        "cursor": "CURSOR_STATUE_DOWN",
        "height": 40,
        "animationDelay": 2,
        "animationMask": 63,
        "numFrames": 48,
        "shape": "4/4",
        "SMALL_SCENERY_FLAG_VOFFSET_CENTRE": true,
        "isRotatable": true,
        "isAnimated": true,
        "isStackable": true,
        "hasNoSupports": true,
        "SMALL_SCENERY_FLAG_VISIBLE_WHEN_ZOOMED": true,
        "frameOffsets": [0, 1, 2, 3, 4, 5, 6, 7, 8, 9, 10, 11, 12, 13, 14, 15, 0, 1, 2, 3, 4, 5, 6, 7, 8, 9, 10, 11, 12, 13, 14, 15, 0, 1, 2, 3, 4, 5, 6, 7, 8, 9, 10, 11, 12, 13, 14, 15, 0, 0, 0, 0, 0, 0, 0, 0, 0, 0, 0, 0, 0, 0, 0, 0, 0, 0, 0, 0, 0, 0, 0, 0, 0, 0, 0, 0, 0, 0, 0, 0, 0, 0, 0]
    },
    "images": ["$RCT2:OBJDATA/SPIKTAIL.DAT[0..67]"],
    "strings": {
        "name": {
            "en-GB": "Animatronic Stegosaurus",
            "fr-FR": "Automate : stégosaure",
            "es-ES": "Animatrónica Estegosaurio",
            "it-IT": "Animatrone Stegosauro",
            "nl-NL": "Animatronische Stegosaurus",
            "sv-SE": "Stegosaurus (animatronisk)",
            "ko-KR": "움직이는 스테고사우르스",
            "zh-TW": "劍龍機械偶",
            "pt-BR": "Estegossauro Animatrônico",
            "cs-CZ": "Pohybující se stegosaurus",
            "pl-PL": "Mechaniczny stegozaur",
            "ru-RU": "Стегозавр"
        }
    }
}
