{
    "id": "rct2.tt.indwal08",
    "authors": ["Frontier Studios"],
    "version": "1.0",
    "originalId": "0E24F921|INDWAL08|9C1CA74C",
    "sourceGame": "rct2tt",
    "objectType": "scenery_small",
    "properties": {
        "price": 16,
        "removalPrice": -10,
        "cursor": "CURSOR_STATUE_DOWN",
        "height": 32,
        "sceneryGroup": "SCGWALLS",
        "shape": "2/4",
        "SMALL_SCENERY_FLAG_VOFFSET_CENTRE": true,
        "requiresFlatSurface": true,
        "isRotatable": true,
        "isStackable": true,
        "prohibitWalls": true,
        "hasNoSupports": true
    },
    "images": ["$RCT2:OBJDATA/INDWAL08.DAT[0..3]"],
    "strings": {
        "name": {
            "en-GB": "Industrial Wall with Doorway",
            "fr-FR": "Mur industriel avec porte",
            "de-DE": "Industriemauer mit Eingang",
            "es-ES": "Muro industrial con entrada",
            "it-IT": "Muro industriale con entrata",
            "nl-NL": "Muur met deuropening Industrie",
            "sv-SE": "Industriell vägg med dörr",
            "ko-KR": "출입구가 있는 산업 벽",
            "zh-TW": "工業牆面(含門口)",
            "pt-BR": "Parede Industrial com Vão de Porta",
            "cs-CZ": "Industriální dveřní rám",
            "pl-PL": "Mur przemysłowy z drzwiami",
            "ru-RU": "Стена с дверью"
        }
    }
}
