{
    "id": "rct2.tt.artdec23",
    "authors": ["Frontier Studios"],
    "version": "1.0",
    "originalId": "0E24F921|ARTDEC23|DF71100A",
    "sourceGame": "rct2tt",
    "objectType": "scenery_small",
    "properties": {
        "price": 28,
        "removalPrice": -22,
        "cursor": "CURSOR_STATUE_DOWN",
        "height": 64,
        "sceneryGroup": "SCGWALLS",
        "shape": "2/4",
        "SMALL_SCENERY_FLAG_VOFFSET_CENTRE": true,
        "requiresFlatSurface": true,
        "isRotatable": true,
        "hasPrimaryColour": true,
        "isStackable": true,
        "prohibitWalls": true,
        "hasNoSupports": true
    },
    "images": ["$RCT2:OBJDATA/ARTDEC23.DAT[0..3]"],
    "strings": {
        "name": {
            "en-GB": "Art Deco Wall with Railings",
            "fr-FR": "Mur art déco avec grille",
            "de-DE": "Art Déco Mauer mit Geländer",
            "es-ES": "Muro Art Decó con balaustrada",
            "it-IT": "Muro in art decò con ringhiere",
            "nl-NL": "Muur met railing Art Deco",
            "sv-SE": "Vägg med ledstänger, art déco",
            "ko-KR": "철책이 있는 아트 데코 벽",
            "zh-TW": "裝置藝術牆面(含欄杆)",
            "pt-BR": "Parede de Art Déco com Grades",
            "cs-CZ": "Art Deco stěna se zábradlím",
            "pl-PL": "Mur z balustradą art deco",
            "ru-RU": "Стена Арт-Деко с оградой"
        }
    }
}
