{
    "id": "rct2.tt.fwrprdc1",
    "authors": ["Frontier Studios"],
    "version": "1.0",
    "originalId": "0E24FA21|FWRPRDC1|AEE51B29",
    "sourceGame": "rct2tt",
    "objectType": "scenery_small",
    "properties": {
        "price": 46,
        "removalPrice": -38,
        "cursor": "CURSOR_STATUE_DOWN",
        "height": 64,
        "animationDelay": 3,
        "animationMask": 15,
        "numFrames": 16,
        "shape": "4/4",
        "SMALL_SCENERY_FLAG_VOFFSET_CENTRE": true,
        "isRotatable": true,
        "isAnimated": true,
        "isStackable": true,
        "hasNoSupports": true,
        "SMALL_SCENERY_FLAG_VISIBLE_WHEN_ZOOMED": true,
        "frameOffsets": [0, 1, 2, 3, 4, 5, 6, 7, 8, 9, 10, 11, 12, 13, 14, 15]
    },
    "images": ["$RCT2:OBJDATA/FWRPRDC1.DAT[0..67]"],
    "strings": {
        "name": {
            "en-GB": "Groovy Dancer",
            "fr-FR": "Danseur émérite",
            "de-DE": "Geiler Tänzer",
            "es-ES": "Buen bailarín",
            "it-IT": "Ballerino affascinante",
            "nl-NL": "Gave Danser",
            "sv-SE": "Vass dansare",
            "ko-KR": "근사한 춤꾼",
            "zh-TW": "時髦的舞者",
            "pt-BR": "Dançarino(a) Maneiro",
            "cs-CZ": "Senzační tanečnice",
            "pl-PL": "Stylowa tancerka",
            "ru-RU": "Танцор"
        }
    }
}
