{
    "id": "rct2.tt.futsky16",
    "authors": ["Frontier Studios"],
    "version": "1.0",
    "originalId": "0E24FA21|FUTSKY16|66485D88",
    "sourceGame": "rct2tt",
    "objectType": "scenery_small",
    "properties": {
        "price": 8,
        "removalPrice": 4,
        "cursor": "CURSOR_STATUE_DOWN",
        "height": 32,
        "sceneryGroup": "SCGWALLS",
        "shape": "3/4+D",
        "SMALL_SCENERY_FLAG_VOFFSET_CENTRE": true,
        "requiresFlatSurface": true,
        "isRotatable": true,
        "isStackable": true,
        "prohibitWalls": true,
        "hasNoSupports": true
    },
    "images": ["$RCT2:OBJDATA/FUTSKY16.DAT[0..3]"],
    "strings": {
        "name": {
            "en-GB": "Sandstone Skyscraper Mid Slope Corner",
            "fr-FR": "Virage en pente médian du gratte-ciel d'obsidienne",
            "de-DE": "Sandstein-Wolkenkratzer Mittelstück Schrägenecke",
            "es-ES": "Esquina inclinada media de rascacielos de arenisca",
            "it-IT": "Curva del pendio di mezzo del grattacielo in arenaria",
            "nl-NL": "Bocht Helling Midden Zandstenen Wolkenkrabber",
            "sv-SE": "Hörn till mittsluttning, sandstensskyskrapa",
            "ko-KR": "사암 마천루 중간 경사 구석",
            "zh-TW": "黑曜石摩天大樓斜坡牆角中段",
            "pt-BR": "Canto de Inclinação Mediana de Arranha-Céu de Arenito",
            "cs-CZ": "Pískovcový mrakodrap - roh",
            "pl-PL": "Wieżowiec z piaskowca - środkowy pochyły narożnik",
            "ru-RU": "Деталь небоскрёба"
        }
    }
}
