{
    "id": "rct2.tt.fircanon",
    "authors": ["Frontier Studios"],
    "version": "1.0",
    "originalId": "0E24F821|FIRCANON|83FE6946",
    "sourceGame": "rct2tt",
    "objectType": "scenery_small",
    "properties": {
        "price": 24,
        "removalPrice": -18,
        "cursor": "CURSOR_STATUE_DOWN",
        "height": 24,
        "animationDelay": 1,
        "animationMask": 63,
        "numFrames": 15,
        "shape": "4/4",
        "SMALL_SCENERY_FLAG_VOFFSET_CENTRE": true,
        "isRotatable": true,
        "isAnimated": true,
        "isStackable": true,
        "hasNoSupports": true,
        "SMALL_SCENERY_FLAG_VISIBLE_WHEN_ZOOMED": true,
        "frameOffsets": [0, 1, 2, 3, 4, 5, 6, 7, 8, 9, 10, 11, 12, 13, 14, 15, 0, 0, 0, 0, 0, 0, 0, 0, 0, 0, 0, 0, 0, 0, 0, 0, 0, 0, 0, 0, 0, 0, 0, 0, 0, 0, 0, 0, 0, 0, 0, 0, 0, 0, 0, 0, 0, 0, 0, 0, 0, 0, 0, 0, 0, 0, 0, 0]
    },
    "images": ["$RCT2:OBJDATA/FIRCANON.DAT[0..67]"],
    "strings": {
        "name": {
            "en-GB": "Animatronic Firing Cannon",
            "fr-FR": "Automate : canon tirant des boulets",
            "de-DE": "Animatronic Feuernde Kanone",
            "es-ES": "Animatrónica cañón disparando",
            "it-IT": "Animatrone cannone che spara",
            "nl-NL": "Animatronisch Schietend kanon",
            "sv-SE": "Skjutande kanon (animatronisk)",
            "ko-KR": "움직이는 대포",
            "zh-TW": "火砲機械偶",
            "pt-BR": "Canhão Animatrônico",
            "cs-CZ": "Pohybující se vystřelující kanón",
            "pl-PL": "Mechaniczna strzelająca armata",
            "ru-RU": "Пушка"
        }
    }
}
