{
    "id": "rct2.tt.chprbke1",
    "authors": ["Frontier Studios"],
    "version": "1.0",
    "originalId": "0E24FA21|CHPRBKE1|C260C649",
    "sourceGame": "rct2tt",
    "objectType": "scenery_small",
    "properties": {
        "price": 38,
        "removalPrice": -22,
        "cursor": "CURSOR_STATUE_DOWN",
        "height": 24,
        "shape": "4/4",
        "SMALL_SCENERY_FLAG_VOFFSET_CENTRE": true,
        "requiresFlatSurface": true,
        "isRotatable": true,
        "hasPrimaryColour": true,
        "isStackable": true,
        "prohibitWalls": true
    },
    "images": ["$RCT2:OBJDATA/CHPRBKE1.DAT[0..3]"],
    "strings": {
        "name": {
            "en-GB": "Motorcycle",
            "fr-FR": "Moto",
            "de-DE": "Motorrad",
            "es-ES": "Motocicleta",
            "it-IT": "Motocicletta",
            "nl-NL": "Motorfiets",
            "sv-SE": "Motorcykel",
            "ko-KR": "오토바이",
            "zh-TW": "摩托車",
            "pt-BR": "Motocicleta",
            "cs-CZ": "Motorka",
            "pl-PL": "Motocykl",
            "ru-RU": "Мотоцикл"
        }
    }
}
