{
    "id": "rct2.tt.spcshp12",
    "authors": ["Frontier Studios"],
    "version": "1.0",
    "originalId": "0E24FB21|SPCSHP12|750B63E9",
    "sourceGame": "rct2tt",
    "objectType": "scenery_small",
    "properties": {
        "price": 40,
        "removalPrice": -32,
        "cursor": "CURSOR_STATUE_DOWN",
        "height": 56,
        "animationDelay": 4,
        "animationMask": 15,
        "numFrames": 16,
        "shape": "4/4",
        "SMALL_SCENERY_FLAG_VOFFSET_CENTRE": true,
        "isRotatable": true,
        "isAnimated": true,
        "isStackable": true,
        "hasNoSupports": true,
        "SMALL_SCENERY_FLAG_VISIBLE_WHEN_ZOOMED": true,
        "frameOffsets": [0, 1, 2, 3, 4, 5, 6, 7, 8, 9, 10, 11, 12, 13, 14, 15]
    },
    "images": ["$RCT2:OBJDATA/SPCSHP12.DAT[0..67]"],
    "strings": {
        "name": {
            "en-GB": "Space Ship Science Section",
            "fr-FR": "Section scientifique du vaisseau spatial",
            "de-DE": "Raumschiff Wissenschaftstrakt",
            "es-ES": "Sección científica de nave espacial",
            "it-IT": "Sezione scientifica della navicella spaziale",
            "nl-NL": "Wetenschapgedeelte Ruimteschip",
            "sv-SE": "Forskningssektion, rymdskepp",
            "ko-KR": "우주선 과학 섹션",
            "zh-TW": "太空船科學研究區",
            "pt-BR": "Seção de Ciência de Estação Espacial",
            "cs-CZ": "Vesmírná loď - vědecká sekce",
            "pl-PL": "Statek kosmiczny - sekcja naukowa",
            "ru-RU": "Секция корабля"
        }
    }
}
