{
    "id": "rct2.tt.spcshp09",
    "authors": ["Frontier Studios"],
    "version": "1.0",
    "originalId": "0E24FB21|SPCSHP09|F8D51119",
    "sourceGame": "rct2tt",
    "objectType": "scenery_small",
    "properties": {
        "price": 40,
        "removalPrice": -32,
        "cursor": "CURSOR_STATUE_DOWN",
        "height": 40,
        "shape": "4/4",
        "SMALL_SCENERY_FLAG_VOFFSET_CENTRE": true,
        "requiresFlatSurface": true,
        "isRotatable": true,
        "isStackable": true,
        "prohibitWalls": true,
        "hasNoSupports": true
    },
    "images": ["$RCT2:OBJDATA/SPCSHP09.DAT[0..3]"],
    "strings": {
        "name": {
            "en-GB": "Space Ship Docking Section",
            "fr-FR": "Section d'amarrage du vaisseau spatial",
            "de-DE": "Raumschiff Anlegetrakt",
            "es-ES": "Sección de amarre de nave espacial",
            "it-IT": "Sezione di attracco della navicella spaziale",
            "nl-NL": "Aanleggedeelte Ruimteschip",
            "sv-SE": "Dockningssektion, rymdskepp",
            "ko-KR": "우주선 도킹 섹션",
            "zh-TW": "太空船泊塢區",
            "pt-BR": "Seção de Atracagem de Estação Espacial",
            "cs-CZ": "Vesmírná loď - dok",
            "pl-PL": "Statek kosmiczny - sekcja dokowania",
            "ru-RU": "Секция корабля"
        }
    }
}
