{
    "id": "rct2.tt.hevbth09",
    "authors": ["Frontier Studios"],
    "version": "1.0",
    "originalId": "0E24F821|HEVBTH09|6F062BE9",
    "sourceGame": "rct2tt",
    "objectType": "scenery_small",
    "properties": {
        "price": 38,
        "removalPrice": -28,
        "cursor": "CURSOR_STATUE_DOWN",
        "height": 40,
        "sceneryGroup": "SCGWALLS",
        "shape": "4/4",
        "SMALL_SCENERY_FLAG_VOFFSET_CENTRE": true,
        "requiresFlatSurface": true,
        "isRotatable": true,
        "isStackable": true,
        "prohibitWalls": true,
        "hasNoSupports": true
    },
    "images": ["$RCT2:OBJDATA/HEVBTH09.DAT[0..3]"],
    "strings": {
        "name": {
            "en-GB": "Heavenly Baths Stairway",
            "fr-FR": "Escalier des thermes divins",
            "de-DE": "Treppe der Himmlischen Bäder",
            "es-ES": "Escalera de termas de los dioses",
            "it-IT": "Scale delle Terme Celestiali",
            "nl-NL": "Trap Hemelse baden",
            "sv-SE": "Trappa, himmelskt bad",
            "ko-KR": "천상의 욕실 계단",
            "zh-TW": "天國浴場樓梯",
            "pt-BR": "Escadaria de Banho Celestial",
            "cs-CZ": "Nebeská koupel - Schodiště",
            "pl-PL": "Schody niebiańskich łaţni",
            "ru-RU": "Деталь бассейна"
        }
    }
}
