{
    "id": "rct2.tt.haybails",
    "authors": ["Frontier Studios"],
    "version": "1.0",
    "originalId": "0E24F821|HAYBAILS|CC3898A5",
    "sourceGame": "rct2tt",
    "objectType": "scenery_small",
    "properties": {
        "price": 18,
        "removalPrice": -12,
        "cursor": "CURSOR_STATUE_DOWN",
        "height": 40,
        "shape": "4/4",
        "SMALL_SCENERY_FLAG_VOFFSET_CENTRE": true,
        "requiresFlatSurface": true,
        "isRotatable": true,
        "isStackable": true
    },
    "images": ["$RCT2:OBJDATA/HAYBAILS.DAT[0..3]"],
    "strings": {
        "name": {
            "en-GB": "Hay Bale",
            "fr-FR": "Meule de foin",
            "de-DE": "Heuballen",
            "es-ES": "Bala de heno",
            "it-IT": "Balla di fieno",
            "nl-NL": "Baal hooi",
            "sv-SE": "Höbal",
            "ko-KR": "건초",
            "zh-TW": "乾草堆",
            "pt-BR": "Fardo de Feno",
            "cs-CZ": "Kopa sena",
            "pl-PL": "Bela siana",
            "ru-RU": "Тюк"
        }
    }
}
