{
    "id": "rct2.tt.runway03",
    "authors": ["Frontier Studios"],
    "version": "1.0",
    "originalId": "0E24FA21|RUNWAY03|E0A2AF20",
    "sourceGame": "rct2tt",
    "objectType": "scenery_small",
    "properties": {
        "price": 18,
        "removalPrice": -12,
        "cursor": "CURSOR_STATUE_DOWN",
        "height": 8,
        "sceneryGroup": "SCGWALLS",
        "shape": "3/4+D",
        "SMALL_SCENERY_FLAG_VOFFSET_CENTRE": true,
        "requiresFlatSurface": true,
        "isRotatable": true,
        "isStackable": true,
        "prohibitWalls": true,
        "hasNoSupports": true
    },
    "images": ["$RCT2:OBJDATA/RUNWAY03.DAT[0..3]"],
    "strings": {
        "name": {
            "en-GB": "Runway Corner Piece",
            "fr-FR": "Section de virage de piste d'atterrissage",
            "de-DE": "Landebahn-Eckstück",
            "es-ES": "Sección de esquina de autopista",
            "it-IT": "Tratto di curva in salita",
            "nl-NL": "Bochtstuk startbaan",
            "sv-SE": "Hörndel till landningsbana",
            "ko-KR": "활주로 구석 조각",
            "zh-TW": "跑道牆角塊",
            "pt-BR": "Peça de Canto de Pista de Decolagem",
            "cs-CZ": "Ranvej",
            "pl-PL": "Narożnik bieżni",
            "ru-RU": "Деталь"
        }
    }
}
