{
    "id": "rct2.tt.futsky03",
    "authors": ["Frontier Studios"],
    "version": "1.0",
    "originalId": "0E24FA21|FUTSKY03|533767E0",
    "sourceGame": "rct2tt",
    "objectType": "scenery_small",
    "properties": {
        "price": 8,
        "removalPrice": 4,
        "cursor": "CURSOR_STATUE_DOWN",
        "height": 32,
        "animationDelay": 3,
        "animationMask": 15,
        "numFrames": 16,
        "sceneryGroup": "SCGWALLS",
        "shape": "3/4+D",
        "SMALL_SCENERY_FLAG_VOFFSET_CENTRE": true,
        "requiresFlatSurface": true,
        "isRotatable": true,
        "isAnimated": true,
        "isStackable": true,
        "prohibitWalls": true,
        "hasNoSupports": true,
        "SMALL_SCENERY_FLAG_VISIBLE_WHEN_ZOOMED": true,
        "frameOffsets": [0, 1, 2, 3, 4, 5, 6, 7, 8, 9, 10, 11, 12, 13, 14, 15]
    },
    "images": ["$RCT2:OBJDATA/FUTSKY03.DAT[0..67]"],
    "strings": {
        "name": {
            "en-GB": "Sandstone Skyscraper Bottom Corner",
            "fr-FR": "Virage bas du gratte-ciel",
            "de-DE": "Sandstein-Wolkenkratzer Untere Ecke",
            "es-ES": "Esquina inferior de rascacielos de arenisca",
            "it-IT": "Curva inferiore del grattacielo in arenaria",
            "nl-NL": "Benedenbocht Zandstenen Wolkenkrabber",
            "sv-SE": "Nedre hörn, sandstensskyskrapa",
            "ko-KR": "사암 마천루 바닥 구석",
            "zh-TW": "沙岩製摩天大樓底部牆角",
            "pt-BR": "Canto Inferior de Arranha-Céu de Arenito",
            "cs-CZ": "Pískovcový mrakodrap - dolní roh",
            "pl-PL": "Wieżowiec z piaskowca - dolny narożnik",
            "ru-RU": "Деталь небоскрёба"
        }
    }
}
