{
    "id": "rct2.tt.hovrcar2",
    "authors": ["Frontier Studios"],
    "version": "1.0",
    "originalId": "0E24FB21|HOVRCAR2|DD9AFE61",
    "sourceGame": "rct2tt",
    "objectType": "scenery_small",
    "properties": {
        "price": 56,
        "removalPrice": -38,
        "cursor": "CURSOR_STATUE_DOWN",
        "height": 40,
        "animationDelay": 2,
        "animationMask": 15,
        "numFrames": 16,
        "shape": "4/4",
        "SMALL_SCENERY_FLAG_VOFFSET_CENTRE": true,
        "isRotatable": true,
        "isAnimated": true,
        "hasPrimaryColour": true,
        "isStackable": true,
        "hasSecondaryColour": true,
        "SMALL_SCENERY_FLAG_VISIBLE_WHEN_ZOOMED": true,
        "frameOffsets": [0, 1, 2, 3, 4, 5, 6, 7, 8, 9, 10, 11, 12, 13, 14, 15]
    },
    "images": ["$RCT2:OBJDATA/HOVRCAR2.DAT[0..67]"],
    "strings": {
        "name": {
            "en-GB": "Hovercar on Stand",
            "fr-FR": "Voiture sur coussin d'air à l'arrêt",
            "de-DE": "Geparkter Schwebewagen",
            "es-ES": "Aerodeslizador parado",
            "it-IT": "Auto volante ferma",
            "nl-NL": "Zweefauto op Stander",
            "sv-SE": "Stillastående svävarbil",
            "ko-KR": "서 있는 호버카",
            "zh-TW": "停車處的飛行車",
            "pt-BR": "Carro Flutuante Parado",
            "cs-CZ": "Zaparkované vznášedlo",
            "pl-PL": "Latający samochód na podeście",
            "ru-RU": "Ховеркар"
        }
    }
}
