{
    "id": "rct2.tt.futsky10",
    "authors": ["Frontier Studios"],
    "version": "1.0",
    "originalId": "0E24FA21|FUTSKY10|BFDE88FE",
    "sourceGame": "rct2tt",
    "objectType": "scenery_small",
    "properties": {
        "price": 8,
        "removalPrice": 4,
        "cursor": "CURSOR_STATUE_DOWN",
        "height": 32,
        "animationDelay": 3,
        "animationMask": 15,
        "numFrames": 16,
        "sceneryGroup": "SCGWALLS",
        "shape": "4/4",
        "SMALL_SCENERY_FLAG_VOFFSET_CENTRE": true,
        "requiresFlatSurface": true,
        "isRotatable": true,
        "isAnimated": true,
        "isStackable": true,
        "prohibitWalls": true,
        "hasNoSupports": true,
        "SMALL_SCENERY_FLAG_VISIBLE_WHEN_ZOOMED": true,
        "frameOffsets": [0, 1, 2, 3, 4, 5, 6, 7, 8, 9, 10, 11, 12, 13, 14, 15]
    },
    "images": ["$RCT2:OBJDATA/FUTSKY10.DAT[0..67]"],
    "strings": {
        "name": {
            "en-GB": "Sandstone Skyscraper Bottom Slope Base",
            "fr-FR": "Base de pente basse du gratte-ciel",
            "de-DE": "Sandstein-Wolkenkratzer Untere Schrägenbasis",
            "es-ES": "Base inferior inclinada de rascacielos de arenisca",
            "it-IT": "Base del pendio inferiore del grattacielo in arenaria",
            "nl-NL": "Hellingonderkant Zandstenen Wolkenkrabber",
            "sv-SE": "Grund till nedre sluttning, sandstensskyskrapa",
            "ko-KR": "사암 마천루 바닥 경사 기본",
            "zh-TW": "沙岩製摩天大樓底部斜坡基座",
            "pt-BR": "Base Inferior de Inclinação de Arranha-Céu de Arenito",
            "cs-CZ": "Pískovcový mrakodrap - zaoblený spodek",
            "pl-PL": "Wieżowiec z piaskowca - pochyła podstawa",
            "ru-RU": "Деталь небоскрёба"
        }
    }
}
