{
    "id": "rct2.tt.wiskybl2",
    "authors": ["Frontier Studios"],
    "version": "1.0",
    "originalId": "0E24FA21|WISKYBL2|165E1AD2",
    "sourceGame": "rct2tt",
    "objectType": "scenery_small",
    "properties": {
        "price": 18,
        "removalPrice": -12,
        "cursor": "CURSOR_STATUE_DOWN",
        "height": 8,
        "shape": "4/4",
        "SMALL_SCENERY_FLAG_VOFFSET_CENTRE": true,
        "requiresFlatSurface": true,
        "isRotatable": true,
        "isStackable": true,
        "prohibitWalls": true
    },
    "images": ["$RCT2:OBJDATA/WISKYBL2.DAT[0..3]"],
    "strings": {
        "name": {
            "en-GB": "Whisky Barrels",
            "fr-FR": "Fûts de Whisky",
            "de-DE": "Whiskyfässer",
            "es-ES": "Barriles de whisky",
            "it-IT": "Barili di whisky",
            "nl-NL": "Whiskyvaten",
            "sv-SE": "Whiskytunnor",
            "ko-KR": "위스키 통",
            "zh-TW": "威士忌桶",
            "pt-BR": "Barris de Uísque",
            "cs-CZ": "Whisky barely",
            "pl-PL": "Baryłki whisky",
            "ru-RU": "Бочки с виски"
        }
    }
}
