{
    "id": "rct2.tt.runway06",
    "authors": ["Frontier Studios"],
    "version": "1.0",
    "originalId": "0E24FA21|RUNWAY06|6E47F5B5",
    "sourceGame": "rct2tt",
    "objectType": "scenery_small",
    "properties": {
        "price": 18,
        "removalPrice": -12,
        "cursor": "CURSOR_STATUE_DOWN",
        "height": 8,
        "sceneryGroup": "SCGWALLS",
        "shape": "3/4+D",
        "SMALL_SCENERY_FLAG_VOFFSET_CENTRE": true,
        "requiresFlatSurface": true,
        "isRotatable": true,
        "isStackable": true,
        "prohibitWalls": true,
        "hasNoSupports": true
    },
    "images": ["$RCT2:OBJDATA/RUNWAY06.DAT[0..3]"],
    "strings": {
        "name": {
            "en-GB": "Runway Inverted Corner Piece",
            "fr-FR": "Section de virage inversé de piste d'atterrissage",
            "de-DE": "Umgedrehtes Landebahn-Eckstück",
            "es-ES": "Sección de esquina inversa de autopista",
            "it-IT": "Tratto di curva invertita in salita",
            "nl-NL": "Omgekeerd Bochtstuk startbaan",
            "sv-SE": "Omvänd hörndel till landningsbana",
            "ko-KR": "반전된 활주로 구석 조각",
            "zh-TW": "反向跑道牆角塊",
            "pt-BR": "Peça de Canto Invertido de Pista de Decolagem",
            "cs-CZ": "Ranvej",
            "pl-PL": "Odwrócony narożnik bieżni",
            "ru-RU": "Деталь"
        }
    }
}
