{
    "id": "rct2.tt.polwtbtn",
    "authors": ["Frontier Studios"],
    "version": "1.0",
    "originalId": "0E24FA21|POLWTBTN|AAE24551",
    "sourceGame": "rct2tt",
    "objectType": "scenery_small",
    "properties": {
        "price": 46,
        "removalPrice": -38,
        "cursor": "CURSOR_STATUE_DOWN",
        "height": 80,
        "animationDelay": 3,
        "animationMask": 15,
        "numFrames": 16,
        "shape": "4/4",
        "SMALL_SCENERY_FLAG_VOFFSET_CENTRE": true,
        "isRotatable": true,
        "isAnimated": true,
        "isStackable": true,
        "SMALL_SCENERY_FLAG_VISIBLE_WHEN_ZOOMED": true,
        "frameOffsets": [0, 1, 2, 3, 4, 5, 6, 7, 8, 9, 10, 11, 12, 13, 14, 15]
    },
    "images": ["$RCT2:OBJDATA/POLWTBTN.DAT[0..67]"],
    "strings": {
        "name": {
            "en-GB": "Animatronic Police Officer",
            "fr-FR": "Automate : officier de police",
            "de-DE": "Animatronic Polizist",
            "es-ES": "Animatrónica oficial de policía",
            "it-IT": "Animatrone agente di polizia",
            "nl-NL": "Animatronische politieagent",
            "sv-SE": "Poliskonstapel (animatronisk)",
            "ko-KR": "움직이는 경찰관",
            "zh-TW": "警察機械偶",
            "pt-BR": "Oficial de Polícia Animatrônico",
            "cs-CZ": "Pohybující se policista",
            "pl-PL": "Mechaniczny policjant",
            "ru-RU": "Полицейский"
        }
    }
}
