{
    "id": "rct2.tt.bolpot01",
    "authors": ["Frontier Studios"],
    "version": "1.0",
    "originalId": "0E24F821|BOLPOT01|F4B32F74",
    "sourceGame": "rct2tt",
    "objectType": "scenery_small",
    "properties": {
        "price": 12,
        "removalPrice": -8,
        "cursor": "CURSOR_STATUE_DOWN",
        "height": 24,
        "animationDelay": 2,
        "animationMask": 15,
        "numFrames": 16,
        "shape": "1/4",
        "SMALL_SCENERY_FLAG_VOFFSET_CENTRE": true,
        "isRotatable": true,
        "isAnimated": true,
        "isStackable": true,
        "SMALL_SCENERY_FLAG_VISIBLE_WHEN_ZOOMED": true,
        "frameOffsets": [0, 1, 2, 3, 4, 5, 6, 7, 8, 9, 10, 11, 12, 13, 14, 15]
    },
    "images": ["$RCT2:OBJDATA/BOLPOT01.DAT[0..67]"],
    "strings": {
        "name": {
            "en-GB": "Boiling Pot",
            "fr-FR": "Marmite",
            "de-DE": "Siedekessel",
            "es-ES": "Olla hirviente",
            "it-IT": "Pentola in ebollizione",
            "nl-NL": "Kookpot",
            "sv-SE": "Kokande gryta",
            "ko-KR": "끓고 있는 솥",
            "zh-TW": "沸騰的鍋子",
            "pt-BR": "Caçarola",
            "cs-CZ": "Hrnec s horkou vodou",
            "pl-PL": "Kipiący garnek",
            "ru-RU": "Котёл"
        }
    }
}
