{
    "id": "rct2.tt.primwal3",
    "authors": ["Frontier Studios"],
    "version": "1.0",
    "originalId": "0E24F721|PRIMWAL3|06119D0B",
    "sourceGame": "rct2tt",
    "objectType": "scenery_small",
    "properties": {
        "price": 9,
        "removalPrice": -6,
        "cursor": "CURSOR_FENCE_DOWN",
        "height": 32,
        "sceneryGroup": "SCGFENCE",
        "shape": "2/4",
        "SMALL_SCENERY_FLAG_VOFFSET_CENTRE": true,
        "requiresFlatSurface": true,
        "isRotatable": true,
        "isStackable": true,
        "prohibitWalls": true,
        "hasNoSupports": true
    },
    "images": ["$RCT2:OBJDATA/PRIMWAL3.DAT[0..3]"],
    "strings": {
        "name": {
            "en-GB": "Wood Fence with Dead Vines",
            "fr-FR": "Clôture de bois avec vigne morte",
            "de-DE": "Holzzaun mit Toten Ranken",
            "es-ES": "Valla de madera con enredaderas muertas",
            "it-IT": "Recinto di legno con viticci morti",
            "nl-NL": "Houten hek met dode wijnstokken",
            "sv-SE": "Trästaket med döda rankor",
            "ko-KR": "죽은 넝쿨이 있는 나무 울타리",
            "zh-TW": "有?樹藤的木頭柵欄",
            "pt-BR": "Cerca de Madeira com Videiras",
            "cs-CZ": "Dřevěný plot s révou",
            "pl-PL": "Drewniany płot z uschłymi pnączami",
            "ru-RU": "Деревянная ограда"
        }
    }
}
