{
    "id": "rct2.tt.futsky06",
    "authors": ["Frontier Studios"],
    "version": "1.0",
    "originalId": "0E24FA21|FUTSKY06|5D401DC4",
    "sourceGame": "rct2tt",
    "objectType": "scenery_small",
    "properties": {
        "price": 8,
        "removalPrice": 4,
        "cursor": "CURSOR_STATUE_DOWN",
        "height": 32,
        "animationDelay": 3,
        "animationMask": 15,
        "numFrames": 16,
        "sceneryGroup": "SCGWALLS",
        "shape": "4/4",
        "SMALL_SCENERY_FLAG_VOFFSET_CENTRE": true,
        "requiresFlatSurface": true,
        "isRotatable": true,
        "isAnimated": true,
        "isStackable": true,
        "prohibitWalls": true,
        "hasNoSupports": true,
        "SMALL_SCENERY_FLAG_VISIBLE_WHEN_ZOOMED": true,
        "frameOffsets": [0, 1, 2, 3, 4, 5, 6, 7, 8, 9, 10, 11, 12, 13, 14, 15]
    },
    "images": ["$RCT2:OBJDATA/FUTSKY06.DAT[0..67]"],
    "strings": {
        "name": {
            "en-GB": "Sandstone Skyscraper Mid Curved Slope",
            "fr-FR": "Pente courbe médiane du gratte-ciel d'obsidienne",
            "de-DE": "Sandstein-Wolkenkratzer Mittelstück Gewundene Schräge",
            "es-ES": "Pendiente inclinada media de rascacielos de arenisca",
            "it-IT": "Pendio in curva di mezzo del grattacielo in arenaria",
            "nl-NL": "Helling Glooiend Midden Zandstenen Wolkenkrabber",
            "sv-SE": "Mittdel av böjd sluttning, sandstensskyskrapa",
            "ko-KR": "사암 마천루 중앙 곡선형 경사",
            "zh-TW": "黑曜石摩天大樓弧形斜坡中段",
            "pt-BR": "Inclinação Curvada Mediana de Arranha-Céu de Arenito",
            "cs-CZ": "Pískovcový mrakodrap - zaoblený střed",
            "pl-PL": "Wieżowiec z piaskowca - środkowa pochyła krzywizna",
            "ru-RU": "Деталь небоскрёба"
        }
    }
}
