{
    "id": "rct2.tt.evalien3",
    "authors": ["Frontier Studios"],
    "version": "1.0",
    "originalId": "0E24FB21|EVALIEN3|C27A03F5",
    "sourceGame": "rct2tt",
    "objectType": "scenery_small",
    "properties": {
        "price": 42,
        "removalPrice": -34,
        "cursor": "CURSOR_STATUE_DOWN",
        "height": 48,
        "animationDelay": 3,
        "animationMask": 15,
        "numFrames": 16,
        "shape": "4/4",
        "SMALL_SCENERY_FLAG_VOFFSET_CENTRE": true,
        "isRotatable": true,
        "isAnimated": true,
        "isStackable": true,
        "hasNoSupports": true,
        "SMALL_SCENERY_FLAG_VISIBLE_WHEN_ZOOMED": true,
        "frameOffsets": [0, 1, 2, 3, 4, 5, 6, 7, 8, 9, 10, 11, 12, 13, 14, 15]
    },
    "images": ["$RCT2:OBJDATA/EVALIEN3.DAT[0..67]"],
    "strings": {
        "name": {
            "en-GB": "Animatronic Evil Alien",
            "fr-FR": "Automate : extraterrestre hostile",
            "de-DE": "Animatronic Böser Außerirdischer",
            "es-ES": "Animatrónica alienígena malvado",
            "it-IT": "Animatrone alieno nemico",
            "nl-NL": "Animatronisch Slecht Buitenaards Wezen",
            "sv-SE": "Ond utomjording (animatronisk)",
            "ko-KR": "움직이는 나쁜 외계인",
            "zh-TW": "邪惡外星人機械偶",
            "pt-BR": "Alienígena Maligno Animatrônico",
            "cs-CZ": "Pohybující se ďábelský mimozemšťan",
            "pl-PL": "Mechaniczny zły kosmita",
            "ru-RU": "Инопланетянин"
        }
    }
}
