{
    "id": "rct2.tt.futsky38",
    "authors": ["Frontier Studios"],
    "version": "1.0",
    "originalId": "0E24FB21|FUTSKY38|ADE7C1EE",
    "sourceGame": "rct2tt",
    "objectType": "scenery_small",
    "properties": {
        "price": 8,
        "removalPrice": 4,
        "cursor": "CURSOR_STATUE_DOWN",
        "height": 32,
        "animationDelay": 3,
        "animationMask": 15,
        "numFrames": 16,
        "sceneryGroup": "SCGWALLS",
        "shape": "4/4",
        "SMALL_SCENERY_FLAG_VOFFSET_CENTRE": true,
        "requiresFlatSurface": true,
        "isRotatable": true,
        "isAnimated": true,
        "isStackable": true,
        "prohibitWalls": true,
        "hasNoSupports": true,
        "SMALL_SCENERY_FLAG_VISIBLE_WHEN_ZOOMED": true,
        "SMALL_SCENERY_FLAG_COG": true,
        "frameOffsets": [0, 1, 2, 3, 4, 5, 6, 7, 8, 9, 10, 11, 12, 13, 14, 15]
    },
    "images": ["$RCT2:OBJDATA/FUTSKY38.DAT[0..67]"],
    "strings": {
        "name": {
            "en-GB": "Obsidian SkyScraper Shallow Sloped Wall",
            "fr-FR": "Mur en pente douce du gratte-ciel d'obsidienne",
            "de-DE": "Obsidian-Wolkenkratzer Flache Schräge Mauer",
            "es-ES": "Muro de pendiente suave de rascacielos de obsidiana",
            "it-IT": "Parete in pendenza poco profonda del grattacielo in ossidiana",
            "nl-NL": "Muur flauwe helling Wolkenkrabber van Lavaglas",
            "sv-SE": "Flack väggsluttning, obsidianskyskrapa",
            "ko-KR": "흑요석 마천루 얕은 경사 벽",
            "zh-TW": "黑躍石摩天大樓緩斜坡牆面",
            "pt-BR": "Parede Inclinada Rasa de Arranha-Céu Obsidiana",
            "cs-CZ": "Mrakodrap ze sopečného skla - nakloněná stěna",
            "pl-PL": "Wieżowiec z obsydianu - lekko nachylona ściana",
            "ru-RU": "Деталь стены небоскрёба"
        }
    }
}
