{
    "id": "rct2.tt.stoolset",
    "authors": ["Frontier Studios"],
    "version": "1.0",
    "originalId": "0E24F921|STOOLSET|0294D9DB",
    "sourceGame": "rct2tt",
    "objectType": "scenery_small",
    "properties": {
        "price": 14,
        "removalPrice": -8,
        "cursor": "CURSOR_STATUE_DOWN",
        "height": 16,
        "shape": "4/4",
        "SMALL_SCENERY_FLAG_VOFFSET_CENTRE": true,
        "requiresFlatSurface": true,
        "isRotatable": true,
        "isStackable": true,
        "hasNoSupports": true
    },
    "images": ["$RCT2:OBJDATA/STOOLSET.DAT[0..3]"],
    "strings": {
        "name": {
            "en-GB": "Stools",
            "fr-FR": "Tabourets",
            "de-DE": "Hocker",
            "es-ES": "Taburetes",
            "it-IT": "Sgabello",
            "nl-NL": "Krukjes",
            "sv-SE": "Pallar",
            "ko-KR": "의자",
            "zh-TW": "凳子",
            "pt-BR": "Tamboretes",
            "cs-CZ": "Stoličky",
            "pl-PL": "Stołki",
            "ru-RU": "Скамья"
        }
    }
}
