{
    "id": "rct2.tt.mamthw01",
    "authors": ["Frontier Studios"],
    "version": "1.0",
    "originalId": "0E24F721|MAMTHW01|28323B3C",
    "sourceGame": "rct2tt",
    "objectType": "scenery_small",
    "properties": {
        "price": 9,
        "removalPrice": -6,
        "cursor": "CURSOR_FENCE_DOWN",
        "height": 32,
        "sceneryGroup": "SCGFENCE",
        "shape": "3/4+D",
        "SMALL_SCENERY_FLAG_VOFFSET_CENTRE": true,
        "requiresFlatSurface": true,
        "isRotatable": true,
        "isStackable": true,
        "prohibitWalls": true,
        "hasNoSupports": true
    },
    "images": ["$RCT2:OBJDATA/MAMTHW01.DAT[0..3]"],
    "strings": {
        "name": {
            "en-GB": "Large Mammoth Fence",
            "fr-FR": "Grande clôture à mammouths",
            "de-DE": "Großer Mammutzaun",
            "es-ES": "Gran valla de mamut",
            "it-IT": "Grande recinzione di mammut",
            "nl-NL": "Groot mammoethek",
            "sv-SE": "Stort mammutstaket",
            "ko-KR": "대형 매머드 울타리",
            "zh-TW": "大型長毛象柵欄",
            "pt-BR": "Cerca de Mamute Grande",
            "cs-CZ": "Velký mamutí plot",
            "pl-PL": "Wielki płot mamuci",
            "ru-RU": "Ограда"
        }
    }
}
