{
    "id": "rct2.tt.indwal15",
    "authors": ["Frontier Studios"],
    "version": "1.0",
    "originalId": "0E24F921|INDWAL15|F30B7CB2",
    "sourceGame": "rct2tt",
    "objectType": "scenery_small",
    "properties": {
        "price": 16,
        "removalPrice": -10,
        "cursor": "CURSOR_STATUE_DOWN",
        "height": 32,
        "sceneryGroup": "SCGWALLS",
        "shape": "3/4+D",
        "SMALL_SCENERY_FLAG_VOFFSET_CENTRE": true,
        "requiresFlatSurface": true,
        "isRotatable": true,
        "isStackable": true,
        "prohibitWalls": true,
        "hasNoSupports": true
    },
    "images": ["$RCT2:OBJDATA/INDWAL15.DAT[0..3]"],
    "strings": {
        "name": {
            "en-GB": "Industrial Wall Corner Piece",
            "fr-FR": "Section de mur de virage industriel",
            "de-DE": "Industriemauer Eckstück",
            "es-ES": "Sección de esquina de muro industrial",
            "it-IT": "Tratto di curva del muro industriale",
            "nl-NL": "Muur Bochtstuk Industrie",
            "sv-SE": "Industriell vägghörndel",
            "ko-KR": "산업 벽 구석 조각",
            "zh-TW": "工業牆牆角塊",
            "pt-BR": "Peça de Canto de Parede Industrial",
            "cs-CZ": "Industriální roh",
            "pl-PL": "Narożnik muru przemysłowego",
            "ru-RU": "Угловая стена"
        }
    }
}
