{
    "id": "rct2.tt.futsky13",
    "authors": ["Frontier Studios"],
    "version": "1.0",
    "originalId": "0E24FA21|FUTSKY13|86733151",
    "sourceGame": "rct2tt",
    "objectType": "scenery_small",
    "properties": {
        "price": 8,
        "removalPrice": 4,
        "cursor": "CURSOR_STATUE_DOWN",
        "height": 64,
        "animationDelay": 3,
        "animationMask": 15,
        "numFrames": 16,
        "sceneryGroup": "SCGWALLS",
        "shape": "4/4",
        "SMALL_SCENERY_FLAG_VOFFSET_CENTRE": true,
        "requiresFlatSurface": true,
        "isRotatable": true,
        "isAnimated": true,
        "isStackable": true,
        "prohibitWalls": true,
        "hasNoSupports": true,
        "SMALL_SCENERY_FLAG_VISIBLE_WHEN_ZOOMED": true,
        "frameOffsets": [0, 1, 2, 3, 4, 5, 6, 7, 8, 9, 10, 11, 12, 13, 14, 15]
    },
    "images": ["$RCT2:OBJDATA/FUTSKY13.DAT[0..67]"],
    "strings": {
        "name": {
            "en-GB": "Sandstone Skyscraper Roof Spire",
            "fr-FR": "Sommet du toit du gratte-ciel",
            "de-DE": "Sandstein-Wolkenkratzer Dachturm",
            "es-ES": "Torre de tejado de rascacielos de arenisca",
            "it-IT": "Apice del tetto del grattacielo in arenaria",
            "nl-NL": "Spits Zandstenen Wolkenkrabber",
            "sv-SE": "Takspira, sandstensskyskrapa",
            "ko-KR": "사암 마천루 지붕 첨탑",
            "zh-TW": "沙岩製摩天大樓屋頂尖塔",
            "pt-BR": "Torre de Telhado de Arranha-Céu de Arenito",
            "cs-CZ": "Pískovcový mrakodrap - střešní díl",
            "pl-PL": "Wieżowiec z piaskowca - iglica dachowa",
            "ru-RU": "Деталь небоскрёба"
        }
    }
}
