{
    "id": "rct2.tt.gscorpon",
    "authors": ["Frontier Studios"],
    "version": "1.0",
    "originalId": "0E24F721|GSCORPON|05DEB90D",
    "sourceGame": "rct2tt",
    "objectType": "scenery_small",
    "properties": {
        "price": 46,
        "removalPrice": -38,
        "cursor": "CURSOR_STATUE_DOWN",
        "height": 64,
        "animationDelay": 2,
        "animationMask": 15,
        "numFrames": 16,
        "shape": "4/4",
        "SMALL_SCENERY_FLAG_VOFFSET_CENTRE": true,
        "isRotatable": true,
        "isAnimated": true,
        "isStackable": true,
        "hasNoSupports": true,
        "SMALL_SCENERY_FLAG_VISIBLE_WHEN_ZOOMED": true,
        "frameOffsets": [0, 1, 2, 3, 4, 5, 6, 7, 8, 9, 10, 11, 12, 13, 14, 15]
    },
    "images": ["$RCT2:OBJDATA/GSCORPON.DAT[0..67]"],
    "strings": {
        "name": {
            "en-GB": "Animatronic attacking Scorpion",
            "fr-FR": "Automate : attaque du scorpion",
            "de-DE": "Animatronic Skorpionangriff",
            "es-ES": "Animatrónica Escorpión al ataque",
            "it-IT": "Animatrone scorpione che attacca",
            "nl-NL": "Animatronische aanvallende Schorpioen",
            "sv-SE": "Attackerande skorpion (animatronisk)",
            "ko-KR": "움직이는 전갈",
            "zh-TW": "蠍子機械偶",
            "pt-BR": "Escorpião Animatrônico em Ataque",
            "cs-CZ": "Pohybující se útočící škorpion",
            "pl-PL": "Mechaniczny atakujący skorpion",
            "ru-RU": "Скорпион"
        }
    }
}
