{
    "id": "rct2.tt.shwdfrst",
    "authors": ["Frontier Studios"],
    "version": "1.0",
    "originalId": "0E24F921|SHWDFRST|EB2C1A0A",
    "sourceGame": "rct2tt",
    "objectType": "scenery_small",
    "properties": {
        "price": 32,
        "removalPrice": 24,
        "cursor": "CURSOR_TREE_DOWN",
        "height": 72,
        "sceneryGroup": "SCGTREES",
        "isTree": true,
        "shape": "4/4",
        "SMALL_SCENERY_FLAG_VOFFSET_CENTRE": true,
        "hasNoSupports": true
    },
    "images": ["$RCT2:OBJDATA/SHWDFRST.DAT[0..3]"],
    "strings": {
        "name": {
            "en-GB": "Forest Trees",
            "fr-FR": "Arbres forestiers",
            "de-DE": "Waldbäume",
            "es-ES": "Árboles del bosque",
            "it-IT": "Foreste",
            "nl-NL": "Woudbomen",
            "sv-SE": "Skogsträd",
            "ko-KR": "숲 속 나무",
            "zh-TW": "森林樹木",
            "pt-BR": "Árvores de Floresta",
            "cs-CZ": "Stromy",
            "pl-PL": "Leśne drzewa",
            "ru-RU": "Деревья"
        }
    }
}
