{
    "id": "rct2.tt.artdec03",
    "authors": ["Frontier Studios"],
    "version": "1.0",
    "originalId": "0E24F921|ARTDEC03|D5D8C70C",
    "sourceGame": "rct2tt",
    "objectType": "scenery_small",
    "properties": {
        "price": 18,
        "removalPrice": -12,
        "cursor": "CURSOR_STATUE_DOWN",
        "height": 32,
        "sceneryGroup": "SCGWALLS",
        "shape": "2/4",
        "SMALL_SCENERY_FLAG_VOFFSET_CENTRE": true,
        "requiresFlatSurface": true,
        "isRotatable": true,
        "isStackable": true,
        "prohibitWalls": true,
        "hasNoSupports": true
    },
    "images": ["$RCT2:OBJDATA/ARTDEC03.DAT[0..3]"],
    "strings": {
        "name": {
            "en-GB": "Art Deco Wall with Door",
            "fr-FR": "Mur art déco avec porte",
            "de-DE": "Art Déco Mauer mit Tür",
            "es-ES": "Muro Art Decó con puerta",
            "it-IT": "Muro in art decò con porta",
            "nl-NL": "Muur met deur Art Deco",
            "sv-SE": "Vägg med dörr, art déco",
            "ko-KR": "문이 있는 아트 데코 벽",
            "zh-TW": "裝置藝術牆面(含門)",
            "pt-BR": "Parede de Art Déco com Porta",
            "cs-CZ": "Art Deco dveřní rám",
            "pl-PL": "Ściana z drzwiami art deco",
            "ru-RU": "Стена Арт-Деко с дверью"
        }
    }
}
