{
    "id": "rct2.tt.speakr02",
    "authors": ["Frontier Studios"],
    "version": "1.0",
    "originalId": "0E24FA21|SPEAKR02|8B5B6E87",
    "sourceGame": "rct2tt",
    "objectType": "scenery_small",
    "properties": {
        "price": 12,
        "removalPrice": -6,
        "cursor": "CURSOR_STATUE_DOWN",
        "height": 64,
        "animationDelay": 2,
        "animationMask": 15,
        "numFrames": 16,
        "shape": "4/4",
        "SMALL_SCENERY_FLAG_VOFFSET_CENTRE": true,
        "isRotatable": true,
        "isAnimated": true,
        "isStackable": true,
        "SMALL_SCENERY_FLAG_VISIBLE_WHEN_ZOOMED": true,
        "SMALL_SCENERY_FLAG_COG": true,
        "frameOffsets": [0, 1, 2, 3, 4, 5, 6, 7, 8, 9, 10, 11, 12, 13, 14, 15]
    },
    "images": ["$RCT2:OBJDATA/SPEAKR02.DAT[0..67]"],
    "strings": {
        "name": {
            "en-GB": "Large Speaker",
            "fr-FR": "Grand haut-parleur",
            "de-DE": "Großer Lautsprecher",
            "es-ES": "Altavoz grande",
            "it-IT": "Grande altoparlante",
            "nl-NL": "Grote Luidspreker",
            "sv-SE": "Stor högtalare",
            "ko-KR": "대형 스피커",
            "zh-TW": "大型擴音器",
            "pt-BR": "Alto-Falante Grande",
            "cs-CZ": "Velký reproduktor",
            "pl-PL": "Duży głośnik",
            "ru-RU": "Динамик"
        }
    }
}
