{
    "id": "rct2.tt.hevrof01",
    "authors": ["Frontier Studios"],
    "version": "1.0",
    "originalId": "0E24F821|HEVROF01|7BD3D27C",
    "sourceGame": "rct2tt",
    "objectType": "scenery_small",
    "properties": {
        "price": 12,
        "removalPrice": -8,
        "cursor": "CURSOR_STATUE_DOWN",
        "height": 8,
        "sceneryGroup": "SCGWALLS",
        "shape": "4/4",
        "SMALL_SCENERY_FLAG_VOFFSET_CENTRE": true,
        "requiresFlatSurface": true,
        "isRotatable": true,
        "isStackable": true,
        "prohibitWalls": true,
        "hasNoSupports": true
    },
    "images": ["$RCT2:OBJDATA/HEVROF01.DAT[0..3]"],
    "strings": {
        "name": {
            "en-GB": "Heavenly Bath Roof",
            "fr-FR": "Toit des thermes divins",
            "de-DE": "Dach des Himmlischen Bades",
            "es-ES": "Techo de termas de los dioses",
            "it-IT": "Tetto delle Terme Celestiali",
            "nl-NL": "Dak hemels bad",
            "sv-SE": "Tak, himmelskt bad",
            "ko-KR": "천상의 욕실 지붕",
            "zh-TW": "天國浴場天花板",
            "pt-BR": "Teto de Banho Celestial",
            "cs-CZ": "Nebeská koupel - střecha",
            "pl-PL": "Dach niebiańskich łaţni",
            "ru-RU": "Деталь бассейна"
        }
    }
}
