{
    "id": "rct2.tt.spcshp05",
    "authors": ["Frontier Studios"],
    "version": "1.0",
    "originalId": "0E24FB21|SPCSHP05|AF79D624",
    "sourceGame": "rct2tt",
    "objectType": "scenery_small",
    "properties": {
        "price": 40,
        "removalPrice": -32,
        "cursor": "CURSOR_STATUE_DOWN",
        "height": 56,
        "animationDelay": 3,
        "animationMask": 15,
        "numFrames": 16,
        "shape": "4/4",
        "SMALL_SCENERY_FLAG_VOFFSET_CENTRE": true,
        "isRotatable": true,
        "isAnimated": true,
        "isStackable": true,
        "hasNoSupports": true,
        "SMALL_SCENERY_FLAG_VISIBLE_WHEN_ZOOMED": true,
        "frameOffsets": [0, 1, 2, 3, 4, 5, 6, 7, 8, 9, 10, 11, 12, 13, 14, 15]
    },
    "images": ["$RCT2:OBJDATA/SPCSHP05.DAT[0..67]"],
    "strings": {
        "name": {
            "en-GB": "Space Ship Gravity Section",
            "fr-FR": "Section gravitationnelle du vaisseau spatial",
            "de-DE": "Raumschiff Schwerkrafttrakt",
            "es-ES": "Sección de gravedad de nave espacial",
            "it-IT": "Sezione di gravità della navicella spaziale",
            "nl-NL": "Zwaartekrachtgedeelte Ruimteschip",
            "sv-SE": "Gravitationssektion, rymdskepp",
            "ko-KR": "우주선 중력 섹션",
            "zh-TW": "太空船重力區",
            "pt-BR": "Seção de Gravidade de Estação Espacial",
            "cs-CZ": "Vesmírná loď - gravitační sekce",
            "pl-PL": "Statek kosmiczny - sekcja grawitacji",
            "ru-RU": "Секция корабля"
        }
    }
}
