{
    "id": "rct2.tt.mcastl19",
    "authors": ["Frontier Studios"],
    "version": "1.0",
    "originalId": "0E24F821|MCASTL19|55A2F699",
    "sourceGame": "rct2tt",
    "objectType": "scenery_small",
    "properties": {
        "price": 20,
        "removalPrice": -15,
        "cursor": "CURSOR_STATUE_DOWN",
        "height": 128,
        "sceneryGroup": "SCGWALLS",
        "shape": "4/4+D",
        "SMALL_SCENERY_FLAG_VOFFSET_CENTRE": true,
        "requiresFlatSurface": true,
        "isRotatable": true,
        "isStackable": true,
        "prohibitWalls": true
    },
    "images": ["$RCT2:OBJDATA/MCASTL19.DAT[0..3]"],
    "strings": {
        "name": {
            "en-GB": "Castle Corner Piece",
            "fr-FR": "Section de virage du château",
            "de-DE": "Schloss-Eckstück",
            "es-ES": "Esquina de castillo",
            "it-IT": "Tratto di curva del Castello",
            "nl-NL": "Bochtstuk Kasteel",
            "sv-SE": "Hörndel, slott",
            "ko-KR": "성 구석 조각",
            "zh-TW": "城堡牆角塊",
            "pt-BR": "Peça de Canto de Castelo",
            "cs-CZ": "Hradní rohová část",
            "pl-PL": "Narożnik zamkowy",
            "ru-RU": "Деталь замка"
        }
    }
}
