{
    "id": "rct2.tt.futsky33",
    "authors": ["Frontier Studios"],
    "version": "1.0",
    "originalId": "0E24FB21|FUTSKY33|54575073",
    "sourceGame": "rct2tt",
    "objectType": "scenery_small",
    "properties": {
        "price": 8,
        "removalPrice": 4,
        "cursor": "CURSOR_STATUE_DOWN",
        "height": 32,
        "animationDelay": 3,
        "animationMask": 15,
        "numFrames": 16,
        "sceneryGroup": "SCGWALLS",
        "shape": "4/4",
        "SMALL_SCENERY_FLAG_VOFFSET_CENTRE": true,
        "requiresFlatSurface": true,
        "isRotatable": true,
        "isAnimated": true,
        "isStackable": true,
        "prohibitWalls": true,
        "hasNoSupports": true,
        "SMALL_SCENERY_FLAG_VISIBLE_WHEN_ZOOMED": true,
        "SMALL_SCENERY_FLAG_COG": true,
        "frameOffsets": [0, 1, 2, 3, 4, 5, 6, 7, 8, 9, 10, 11, 12, 13, 14, 15]
    },
    "images": ["$RCT2:OBJDATA/FUTSKY33.DAT[0..67]"],
    "strings": {
        "name": {
            "en-GB": "Sandstone Skyscraper Walkway",
            "fr-FR": "Passerelle du gratte-ciel",
            "de-DE": "Sandstein-Wolkenkratzer Spazierweg",
            "es-ES": "Pasadizo de rascacielos de arenisca",
            "it-IT": "Viale del grattacielo in arenaria",
            "nl-NL": "Looppad Zandstenen Wolkenkrabber",
            "sv-SE": "Gång, sandstensskyskrapa",
            "ko-KR": "사암 마천루 보도",
            "zh-TW": "沙岩製摩天大樓走道",
            "pt-BR": "Passadiço de Arranha-Céu de Arenito",
            "cs-CZ": "Pískovcový mrakodrap - brána",
            "pl-PL": "Wieżowiec z piaskowca - chodnik",
            "ru-RU": "Деталь небоскрёба"
        }
    }
}
