{
    "id": "rct2.tt.psntwl31",
    "authors": ["Frontier Studios"],
    "version": "1.0",
    "originalId": "0E24F821|PSNTWL31|540F2B25",
    "sourceGame": "rct2tt",
    "objectType": "scenery_small",
    "properties": {
        "price": 18,
        "removalPrice": -12,
        "cursor": "CURSOR_STATUE_DOWN",
        "height": 32,
        "sceneryGroup": "SCGWALLS",
        "shape": "3/4+D",
        "SMALL_SCENERY_FLAG_VOFFSET_CENTRE": true,
        "requiresFlatSurface": true,
        "isRotatable": true,
        "hasPrimaryColour": true,
        "isStackable": true,
        "prohibitWalls": true,
        "hasNoSupports": true
    },
    "images": ["$RCT2:OBJDATA/PSNTWL31.DAT[0..3]"],
    "strings": {
        "name": {
            "en-GB": "Dark Age Village Corner Roof Piece",
            "fr-FR": "Section de toit du virage du village médiéval",
            "de-DE": "Dacheckstück Mittelalterliches Dorf",
            "es-ES": "Sección de esquina de tejado de pueblo medieval",
            "it-IT": "Tratto di tetto in curva del villaggio dell'Età Oscura",
            "nl-NL": "Bochtstuk dak Middeleeuws Dorp",
            "sv-SE": "Takhörndel, medeltida by",
            "ko-KR": "암흑 시대 마을 구석 지붕 조각",
            "zh-TW": "黑暗時代村莊屋頂轉角塊",
            "pt-BR": "Peça de Canto de Telhado de Vila da Idade Média",
            "cs-CZ": "Starodávná vesnice - rohová střecha",
            "pl-PL": "Miasteczko średniowieczne - narożnik dachu",
            "ru-RU": "Деталь крыши"
        }
    }
}
