{
    "id": "rct2.tt.runway04",
    "authors": ["Frontier Studios"],
    "version": "1.0",
    "originalId": "0E24FA21|RUNWAY04|CE210D7B",
    "sourceGame": "rct2tt",
    "objectType": "scenery_small",
    "properties": {
        "price": 18,
        "removalPrice": -12,
        "cursor": "CURSOR_STATUE_DOWN",
        "height": 8,
        "sceneryGroup": "SCGWALLS",
        "shape": "4/4",
        "SMALL_SCENERY_FLAG_VOFFSET_CENTRE": true,
        "requiresFlatSurface": true,
        "isRotatable": true,
        "isStackable": true,
        "prohibitWalls": true,
        "hasNoSupports": true
    },
    "images": ["$RCT2:OBJDATA/RUNWAY04.DAT[0..3]"],
    "strings": {
        "name": {
            "en-GB": "Runway Edge Piece",
            "fr-FR": "Section finale de piste d'atterrissage",
            "de-DE": "Landebahn-Kantenstück",
            "es-ES": "Sección de borde de autopista",
            "it-IT": "Tratto del bordo in salita",
            "nl-NL": "Randstuk startbaan",
            "sv-SE": "Kantdel till landningsbana",
            "ko-KR": "활주로 가장자리 조각",
            "zh-TW": "跑到邊緣塊",
            "pt-BR": "Peça de Borda de Pista de Decolagem",
            "cs-CZ": "Ranvej",
            "pl-PL": "Skraj bieżni",
            "ru-RU": "Деталь"
        }
    }
}
