{
    "id": "rct2.tt.alnstr06",
    "authors": ["Frontier Studios"],
    "version": "1.0",
    "originalId": "0E24FB21|ALNSTR06|5AA7F8FF",
    "sourceGame": "rct2tt",
    "objectType": "scenery_small",
    "properties": {
        "price": 24,
        "removalPrice": -18,
        "cursor": "CURSOR_STATUE_DOWN",
        "height": 64,
        "animationDelay": 3,
        "animationMask": 15,
        "numFrames": 16,
        "sceneryGroup": "SCGWALLS",
        "shape": "4/4",
        "SMALL_SCENERY_FLAG_VOFFSET_CENTRE": true,
        "requiresFlatSurface": true,
        "isRotatable": true,
        "isAnimated": true,
        "isStackable": true,
        "prohibitWalls": true,
        "SMALL_SCENERY_FLAG_VISIBLE_WHEN_ZOOMED": true,
        "SMALL_SCENERY_FLAG_COG": true,
        "frameOffsets": [0, 1, 2, 3, 4, 5, 6, 7, 8, 9, 10, 11, 12, 13, 14, 15]
    },
    "images": ["$RCT2:OBJDATA/ALNSTR06.DAT[0..67]"],
    "strings": {
        "name": {
            "en-GB": "Alien Tower Middle",
            "fr-FR": "Milieu de la tour extraterrestre",
            "de-DE": "Außerirdischer Turm Mitte",
            "es-ES": "Medio de torre alienígena",
            "it-IT": "Parte intermedia della torre aliena",
            "nl-NL": "Midden Buitenaardse Toren",
            "sv-SE": "Mittdel, utomjordiskt torn",
            "ko-KR": "외계 탑 중간",
            "zh-TW": "外星塔中段",
            "pt-BR": "Meio de Torre Alienígena",
            "cs-CZ": "Mimozemská věž - střední díl",
            "pl-PL": "Wieża kosmitów - środek",
            "ru-RU": "Середина башни"
        }
    }
}
