{
    "id": "rct2.tt.ggntocto",
    "authors": ["Frontier Studios"],
    "version": "1.0",
    "originalId": "0E24FA21|GGNTOCTO|333B29B7",
    "sourceGame": "rct2tt",
    "objectType": "scenery_small",
    "properties": {
        "price": 52,
        "removalPrice": -46,
        "cursor": "CURSOR_STATUE_DOWN",
        "height": 80,
        "animationDelay": 2,
        "animationMask": 31,
        "numFrames": 15,
        "shape": "4/4",
        "SMALL_SCENERY_FLAG_VOFFSET_CENTRE": true,
        "isRotatable": true,
        "isAnimated": true,
        "isStackable": true,
        "SMALL_SCENERY_FLAG_VISIBLE_WHEN_ZOOMED": true,
        "frameOffsets": [0, 1, 2, 3, 4, 5, 6, 7, 8, 9, 10, 11, 12, 13, 14, 15, 0, 0, 0]
    },
    "images": ["$RCT2:OBJDATA/GGNTOCTO.DAT[0..67]"],
    "strings": {
        "name": {
            "en-GB": "B-Movie Giant Octopus",
            "fr-FR": "Pieuvre géante de film de série B",
            "de-DE": "Riesiger B-Movie-Oktopus",
            "es-ES": "Pulpo gigante de película de serie B",
            "it-IT": "Polipo gigante B-Movie",
            "nl-NL": "B-film reuzenoctopus",
            "sv-SE": "Jättebläckfisk från B-film",
            "ko-KR": "B급 영화 대형 문어",
            "zh-TW": "二流片大章魚",
            "pt-BR": "Polvo Gigante de Filme B",
            "cs-CZ": "Béčková obrovská chobotnice",
            "pl-PL": "Olbrzymia ośmiornica z kiepskiego dreszczowca",
            "ru-RU": "Осьминог"
        }
    }
}
