{
    "id": "rct2.tt.medtools",
    "authors": ["Frontier Studios"],
    "version": "1.0",
    "originalId": "0E24F921|MEDTOOLS|0E8346CD",
    "sourceGame": "rct2tt",
    "objectType": "scenery_small",
    "properties": {
        "price": 18,
        "removalPrice": -12,
        "cursor": "CURSOR_STATUE_DOWN",
        "height": 32,
        "shape": "4/4",
        "SMALL_SCENERY_FLAG_VOFFSET_CENTRE": true,
        "requiresFlatSurface": true,
        "isRotatable": true,
        "isStackable": true
    },
    "images": ["$RCT2:OBJDATA/MEDTOOLS.DAT[0..3]"],
    "strings": {
        "name": {
            "en-GB": "Farm Tools",
            "fr-FR": "Outils de ferme",
            "de-DE": "Ackergeräte",
            "es-ES": "Herramientas de granja",
            "it-IT": "Attrezzi agricoli",
            "nl-NL": "Landbouwwerktuigen",
            "sv-SE": "Bondgårdsredskap",
            "ko-KR": "농기구",
            "zh-TW": "耕田工具",
            "pt-BR": "Ferramentas de Fazenda",
            "cs-CZ": "Farmářské náčiní",
            "pl-PL": "Narzędzia rolnicze",
            "ru-RU": "Орудия"
        }
    }
}
