{
    "id": "rct2.tt.spcshp07",
    "authors": ["Frontier Studios"],
    "version": "1.0",
    "originalId": "0E24FB21|SPCSHP07|1B03630B",
    "sourceGame": "rct2tt",
    "objectType": "scenery_small",
    "properties": {
        "price": 40,
        "removalPrice": -32,
        "cursor": "CURSOR_STATUE_DOWN",
        "height": 32,
        "animationDelay": 3,
        "animationMask": 15,
        "numFrames": 16,
        "shape": "4/4",
        "SMALL_SCENERY_FLAG_VOFFSET_CENTRE": true,
        "isRotatable": true,
        "isAnimated": true,
        "isStackable": true,
        "hasNoSupports": true,
        "SMALL_SCENERY_FLAG_VISIBLE_WHEN_ZOOMED": true,
        "frameOffsets": [0, 1, 2, 3, 4, 5, 6, 7, 8, 9, 10, 11, 12, 13, 14, 15]
    },
    "images": ["$RCT2:OBJDATA/SPCSHP07.DAT[0..67]"],
    "strings": {
        "name": {
            "en-GB": "Space Ship Control Deck",
            "fr-FR": "Section salle des commandes du vaisseau spatial",
            "de-DE": "Raumschiff Kontrolldeck",
            "es-ES": "Sección de control de nave espacial",
            "it-IT": "Ponte di comando della navicella spaziale",
            "nl-NL": "Commandodek Ruimteschip",
            "sv-SE": "Kommandobrygga, rymdskepp",
            "ko-KR": "우주선 컨트롤 덱",
            "zh-TW": "太空船駕駛艙",
            "pt-BR": "Convés de Controle de Estação Espacial",
            "cs-CZ": "Vesmírná loď - kontrolní panel",
            "pl-PL": "Statek kosmiczny - sterownia",
            "ru-RU": "Секция корабля"
        }
    }
}
