{
    "id": "rct2.tt.wepnrack",
    "authors": ["Frontier Studios"],
    "version": "1.0",
    "originalId": "0E24F921|WEPNRACK|856F769D",
    "sourceGame": "rct2tt",
    "objectType": "scenery_small",
    "properties": {
        "price": 18,
        "removalPrice": -12,
        "cursor": "CURSOR_STATUE_DOWN",
        "height": 32,
        "shape": "4/4",
        "SMALL_SCENERY_FLAG_VOFFSET_CENTRE": true,
        "requiresFlatSurface": true,
        "isRotatable": true,
        "isStackable": true
    },
    "images": ["$RCT2:OBJDATA/WEPNRACK.DAT[0..3]"],
    "strings": {
        "name": {
            "en-GB": "Weapon Set",
            "fr-FR": "Arsenal",
            "de-DE": "Waffensatz",
            "es-ES": "Grupo de armas",
            "it-IT": "Collezione di armi",
            "nl-NL": "Wapenrusting",
            "sv-SE": "Vapen",
            "ko-KR": "무기 세트",
            "zh-TW": "武器組",
            "pt-BR": "Conjunto de Armas",
            "cs-CZ": "Set zbraní",
            "pl-PL": "Zestaw broni",
            "ru-RU": "Оружие"
        }
    }
}
