{
    "id": "rct2.tt.spcshp10",
    "authors": ["Frontier Studios"],
    "version": "1.0",
    "originalId": "0E24FB21|SPCSHP10|47C710C2",
    "sourceGame": "rct2tt",
    "objectType": "scenery_small",
    "properties": {
        "price": 40,
        "removalPrice": -32,
        "cursor": "CURSOR_STATUE_DOWN",
        "height": 40,
        "shape": "4/4",
        "SMALL_SCENERY_FLAG_VOFFSET_CENTRE": true,
        "requiresFlatSurface": true,
        "isRotatable": true,
        "isStackable": true,
        "prohibitWalls": true,
        "hasNoSupports": true
    },
    "images": ["$RCT2:OBJDATA/SPCSHP10.DAT[0..3]"],
    "strings": {
        "name": {
            "en-GB": "Space Ship Engine Section",
            "fr-FR": "Section de salle des moteurs du vaisseau spatial",
            "de-DE": "Raumschiff Motortrakt",
            "es-ES": "Sección de motores de nave espacial",
            "it-IT": "Sezione dei motori della navicella spaziale",
            "nl-NL": "Motorgedeelte Ruimteschip",
            "sv-SE": "Motorsektion, rymdskepp",
            "ko-KR": "우주선 엔진 섹션",
            "zh-TW": "太空船引擎區",
            "pt-BR": "Seção de Motor de Estação Espacial",
            "cs-CZ": "Vesmírná loď - motory",
            "pl-PL": "Statek kosmiczny - sekcja silnikowa",
            "ru-RU": "Секция корабля"
        }
    }
}
