{
    "id": "rct2.tt.hovrcar3",
    "authors": ["Frontier Studios"],
    "version": "1.0",
    "originalId": "0E24FB21|HOVRCAR3|6E7B1A76",
    "sourceGame": "rct2tt",
    "objectType": "scenery_small",
    "properties": {
        "price": 24,
        "removalPrice": -12,
        "cursor": "CURSOR_STATUE_DOWN",
        "height": 24,
        "animationDelay": 2,
        "animationMask": 15,
        "numFrames": 16,
        "shape": "2/4",
        "SMALL_SCENERY_FLAG_VOFFSET_CENTRE": true,
        "isRotatable": true,
        "isAnimated": true,
        "hasPrimaryColour": true,
        "isStackable": true,
        "hasSecondaryColour": true,
        "hasNoSupports": true,
        "SMALL_SCENERY_FLAG_VISIBLE_WHEN_ZOOMED": true,
        "frameOffsets": [0, 1, 2, 3, 4, 5, 6, 7, 8, 9, 10, 11, 12, 13, 14, 15]
    },
    "images": ["$RCT2:OBJDATA/HOVRCAR3.DAT[0..67]"],
    "strings": {
        "name": {
            "en-GB": "Hovercar Flying",
            "fr-FR": "Voiture sur coussin d'air en vol",
            "de-DE": "Fliegender Schwebewagen",
            "es-ES": "Aerodeslizador volando",
            "it-IT": "Auto volante in volo",
            "nl-NL": "Vliegende Zweefauto",
            "sv-SE": "Flygande svävarbil",
            "ko-KR": "나는 호버카",
            "zh-TW": "飛行中的飛行車",
            "pt-BR": "Carro Flutuante Voando",
            "cs-CZ": "Letící vznášedlo",
            "pl-PL": "Latający samochód",
            "ru-RU": "Ховеркар"
        }
    }
}
