{
    "id": "rct2.tt.futsky47",
    "authors": ["Frontier Studios"],
    "version": "1.0",
    "originalId": "0E24FB21|FUTSKY47|8680A122",
    "sourceGame": "rct2tt",
    "objectType": "scenery_small",
    "properties": {
        "price": 8,
        "removalPrice": 4,
        "cursor": "CURSOR_STATUE_DOWN",
        "height": 32,
        "animationDelay": 3,
        "animationMask": 15,
        "numFrames": 16,
        "sceneryGroup": "SCGWALLS",
        "shape": "4/4",
        "SMALL_SCENERY_FLAG_VOFFSET_CENTRE": true,
        "requiresFlatSurface": true,
        "isRotatable": true,
        "isAnimated": true,
        "isStackable": true,
        "prohibitWalls": true,
        "hasNoSupports": true,
        "SMALL_SCENERY_FLAG_VISIBLE_WHEN_ZOOMED": true,
        "frameOffsets": [0, 1, 2, 3, 4, 5, 6, 7, 8, 9, 10, 11, 12, 13, 14, 15]
    },
    "images": ["$RCT2:OBJDATA/FUTSKY47.DAT[0..67]"],
    "strings": {
        "name": {
            "en-GB": "Obsidian SkyScraper Wall",
            "fr-FR": "Mur du gratte-ciel d'obsidienne",
            "de-DE": "Obsidian-Wolkenkratzer Mauer",
            "es-ES": "Muro de rascacielos de obsidiana",
            "it-IT": "Muro del grattacielo in ossidiana",
            "nl-NL": "Muur Wolkenkrabber van Lavaglas",
            "sv-SE": "Vägg, obsidianskyskrapa",
            "ko-KR": "흑요석 마천루 벽",
            "zh-TW": "黑曜石摩天大樓牆面",
            "pt-BR": "Parede de Arranha-Céu Obsidiana",
            "cs-CZ": "Mrakodrap ze sopečného skla - stěna",
            "pl-PL": "Wieżowiec z obsydianu - ściana",
            "ru-RU": "Стена небоскрёба"
        }
    }
}
