{
    "id": "rct2.tt.spcshp11",
    "authors": ["Frontier Studios"],
    "version": "1.0",
    "originalId": "0E24FB21|SPCSHP11|294BE534",
    "sourceGame": "rct2tt",
    "objectType": "scenery_small",
    "properties": {
        "price": 40,
        "removalPrice": -32,
        "cursor": "CURSOR_STATUE_DOWN",
        "height": 32,
        "shape": "4/4",
        "SMALL_SCENERY_FLAG_VOFFSET_CENTRE": true,
        "requiresFlatSurface": true,
        "isRotatable": true,
        "isStackable": true,
        "prohibitWalls": true,
        "hasNoSupports": true
    },
    "images": ["$RCT2:OBJDATA/SPCSHP11.DAT[0..3]"],
    "strings": {
        "name": {
            "en-GB": "Space Ship Living Section",
            "fr-FR": "Section habitable du vaisseau spatial",
            "de-DE": "Raumschiff Wohntrakt",
            "es-ES": "Sección habitable de nave espacial",
            "it-IT": "Sezione dell'abitacolo della navicella spaziale",
            "nl-NL": "Woongedeelte Ruimteschip",
            "sv-SE": "Boendesektion, rymdskepp",
            "ko-KR": "우주선 거주 섹션",
            "zh-TW": "太空船居住區",
            "pt-BR": "Seção de Convivência de Estação Espacial",
            "cs-CZ": "Vesmírná loď - obývací část",
            "pl-PL": "Statek kosmiczny - sekcja mieszkalna",
            "ru-RU": "Секция корабля"
        }
    }
}
