{
    "id": "rct2.tt.chanmaid",
    "authors": ["Frontier Studios"],
    "version": "1.0",
    "originalId": "0E24F821|CHANMAID|FFFE751B",
    "sourceGame": "rct2tt",
    "objectType": "scenery_small",
    "properties": {
        "price": 50,
        "removalPrice": -46,
        "cursor": "CURSOR_STATUE_DOWN",
        "height": 96,
        "animationDelay": 2,
        "animationMask": 63,
        "numFrames": 15,
        "shape": "4/4",
        "SMALL_SCENERY_FLAG_VOFFSET_CENTRE": true,
        "requiresFlatSurface": true,
        "isRotatable": true,
        "isAnimated": true,
        "isStackable": true,
        "SMALL_SCENERY_FLAG_VISIBLE_WHEN_ZOOMED": true,
        "frameOffsets": [0, 1, 2, 3, 4, 5, 6, 7, 8, 9, 10, 11, 12, 13, 14, 15, 0, 0, 0, 0, 0, 0, 0, 0, 0, 0, 0, 0, 0, 0, 0, 0, 0, 0, 0, 0, 0, 0, 0, 0, 0, 0, 0, 0, 0, 0, 0, 0, 0, 0, 0]
    },
    "images": ["$RCT2:OBJDATA/CHANMAID.DAT[0..67]"],
    "strings": {
        "name": {
            "en-GB": "Animatronic Chained Maiden",
            "fr-FR": "Automate : vierge enchaînée",
            "de-DE": "Animatronic Jungfrau in Ketten",
            "es-ES": "Animatrónica Doncella encadenada",
            "it-IT": "Animatrone fanciulla incatenata",
            "nl-NL": "Animatronische geketende maagd",
            "sv-SE": "Kättrad jungfru (animatronisk)",
            "ko-KR": "움직이는 체인 소녀",
            "zh-TW": "被鐵鍊綑綁的少女機械偶",
            "pt-BR": "Donzela Acorrentada Animatrônica",
            "cs-CZ": "Pohybující se Andromeda (spoutaná žena)",
            "pl-PL": "Mechaniczna dziewoja",
            "ru-RU": "Девушка"
        }
    }
}
