{
    "id": "rct2.tt.psntwl23",
    "authors": ["Frontier Studios"],
    "version": "1.0",
    "originalId": "0E24F821|PSNTWL23|58AC5C32",
    "sourceGame": "rct2tt",
    "objectType": "scenery_small",
    "properties": {
        "price": 18,
        "removalPrice": -12,
        "cursor": "CURSOR_STATUE_DOWN",
        "height": 32,
        "sceneryGroup": "SCGWALLS",
        "shape": "3/4+D",
        "SMALL_SCENERY_FLAG_VOFFSET_CENTRE": true,
        "requiresFlatSurface": true,
        "isRotatable": true,
        "hasPrimaryColour": true,
        "isStackable": true,
        "prohibitWalls": true,
        "hasNoSupports": true
    },
    "images": ["$RCT2:OBJDATA/PSNTWL23.DAT[0..3]"],
    "strings": {
        "name": {
            "en-GB": "Dark Age Village Upper Corner Piece",
            "fr-FR": "Section haute de virage du village médiéval",
            "de-DE": "Oberes Eckstück Mittelalterliches Dorf",
            "es-ES": "Sección inferior de esquina de pueblo medieval",
            "it-IT": "Tratto di curva superiore del villaggio dell'Età Oscura",
            "nl-NL": "Bovenstuk bocht Middeleeuws Dorp",
            "sv-SE": "Övre hörndel, medeltida by",
            "ko-KR": "암흑 시대 마을 상단 구석 조각",
            "zh-TW": "黑暗時代高牆牆角塊",
            "pt-BR": "Peça Superior de Canto de Vila da Idade Média",
            "cs-CZ": "Starodávná vesnice - horní roh",
            "pl-PL": "Miasteczko średniowieczne - górny narożnik",
            "ru-RU": "Угловая секция"
        }
    }
}
