{
    "id": "rct2.tt.drgnattk",
    "authors": ["Frontier Studios"],
    "version": "1.0",
    "originalId": "0E24F821|DRGNATTK|3B418E7A",
    "sourceGame": "rct2tt",
    "objectType": "scenery_small",
    "properties": {
        "price": 42,
        "removalPrice": -38,
        "cursor": "CURSOR_STATUE_DOWN",
        "height": 32,
        "animationDelay": 2,
        "animationMask": 31,
        "numFrames": 15,
        "shape": "4/4",
        "SMALL_SCENERY_FLAG_VOFFSET_CENTRE": true,
        "isRotatable": true,
        "isAnimated": true,
        "isStackable": true,
        "hasNoSupports": true,
        "SMALL_SCENERY_FLAG_VISIBLE_WHEN_ZOOMED": true,
        "frameOffsets": [0, 1, 2, 3, 4, 5, 6, 7, 8, 9, 10, 11, 12, 13, 14, 15, 0, 0, 0]
    },
    "images": ["$RCT2:OBJDATA/DRGNATTK.DAT[0..67]"],
    "strings": {
        "name": {
            "en-GB": "Dragon Attacking",
            "fr-FR": "Dragon à l'attaque",
            "de-DE": "Drachenangriff",
            "es-ES": "Ataque de dragón",
            "it-IT": "Drago che attacca",
            "nl-NL": "Aanvallende draak",
            "sv-SE": "Attackerande drake",
            "ko-KR": "드래곤 공격",
            "zh-TW": "火龍攻擊",
            "pt-BR": "Dragão Atacando",
            "cs-CZ": "Útočící drak",
            "pl-PL": "Atakujący smok",
            "ru-RU": "Дракон"
        }
    }
}
