{
    "id": "rct2.tt.indwal04",
    "authors": ["Frontier Studios"],
    "version": "1.0",
    "originalId": "0E24F921|INDWAL04|BBCD71B3",
    "sourceGame": "rct2tt",
    "objectType": "scenery_small",
    "properties": {
        "price": 16,
        "removalPrice": -10,
        "cursor": "CURSOR_STATUE_DOWN",
        "height": 32,
        "sceneryGroup": "SCGWALLS",
        "shape": "2/4",
        "SMALL_SCENERY_FLAG_VOFFSET_CENTRE": true,
        "requiresFlatSurface": true,
        "isRotatable": true,
        "isStackable": true,
        "prohibitWalls": true,
        "hasNoSupports": true
    },
    "images": ["$RCT2:OBJDATA/INDWAL04.DAT[0..3]"],
    "strings": {
        "name": {
            "en-GB": "Industrial Wall Set",
            "fr-FR": "Série de murs industriels",
            "de-DE": "Industriemauer Set",
            "es-ES": "Conjunto de muros industriales",
            "it-IT": "Serie di muri di New York",
            "nl-NL": "Muren Industrie",
            "sv-SE": "Industriella väggar",
            "ko-KR": "산업 벽 세트",
            "zh-TW": "工業牆面組",
            "pt-BR": "Conjunto de Parede Industrial",
            "cs-CZ": "Industriální stěny - set",
            "pl-PL": "Element muru przemysłowego",
            "ru-RU": "Стена"
        }
    }
}
