{
    "id": "rct2.tt.primtall",
    "authors": ["Frontier Studios"],
    "version": "1.0",
    "originalId": "0E24F721|PRIMTALL|3C532634",
    "sourceGame": "rct2tt",
    "objectType": "scenery_small",
    "properties": {
        "price": 16,
        "removalPrice": -11,
        "cursor": "CURSOR_FENCE_DOWN",
        "height": 88,
        "animationDelay": 2,
        "animationMask": 15,
        "numFrames": 16,
        "sceneryGroup": "SCGFENCE",
        "shape": "2/4",
        "SMALL_SCENERY_FLAG_VOFFSET_CENTRE": true,
        "requiresFlatSurface": true,
        "isRotatable": true,
        "isAnimated": true,
        "isStackable": true,
        "hasNoSupports": true,
        "SMALL_SCENERY_FLAG_VISIBLE_WHEN_ZOOMED": true,
        "frameOffsets": [0, 1, 2, 3, 4, 5, 6, 7, 8, 9, 10, 11, 12, 13, 14, 15]
    },
    "images": ["$RCT2:OBJDATA/PRIMTALL.DAT[0..67]"],
    "strings": {
        "name": {
            "en-GB": "Wood Fence with Man Eating Plant",
            "fr-FR": "Clôture de bois avec plante carnivore",
            "de-DE": "Holzzaun mit Menschenfressender Pflanze",
            "es-ES": "Valla de madera con plantas carnívoras",
            "it-IT": "Recinto di legno con pianta carnivora",
            "nl-NL": "Houten hek met mensetende plant",
            "sv-SE": "Trästaket med köttätande växt",
            "ko-KR": "식인 식물 나무 울타리",
            "zh-TW": "有食人植物的木頭柵欄",
            "pt-BR": "Cerca de Madeira com Planta Carnívora",
            "cs-CZ": "Dřevěný plot s mužem, který jí rostlinu",
            "pl-PL": "Drewniany płot z ludożerczą rośliną",
            "ru-RU": "Деревянная ограда"
        }
    }
}
