{
    "id": "rct2.tt.psntwl05",
    "authors": ["Frontier Studios"],
    "version": "1.0",
    "originalId": "0E24F821|PSNTWL05|4BE822AD",
    "sourceGame": "rct2tt",
    "objectType": "scenery_small",
    "properties": {
        "price": 18,
        "removalPrice": -12,
        "cursor": "CURSOR_STATUE_DOWN",
        "height": 32,
        "sceneryGroup": "SCGWALLS",
        "shape": "2/4",
        "SMALL_SCENERY_FLAG_VOFFSET_CENTRE": true,
        "requiresFlatSurface": true,
        "isRotatable": true,
        "isStackable": true,
        "prohibitWalls": true,
        "hasNoSupports": true
    },
    "images": ["$RCT2:OBJDATA/PSNTWL05.DAT[0..3]"],
    "strings": {
        "name": {
            "en-GB": "Dark Age Village Lower Wall Piece",
            "fr-FR": "Section basse de mur du village médiéval",
            "de-DE": "Unteres Mauerstück Mittelalterliches Dorf",
            "es-ES": "Sección inferior de muro de pueblo medieval",
            "it-IT": "Tratto di muro inferiore del villaggio dell'Età Oscura",
            "nl-NL": "Benedenstuk muur Middeleeuws Dorp",
            "sv-SE": "Nedre väggdel, medeltida by",
            "ko-KR": "암흑 시대 마을 하단 벽 조각",
            "zh-TW": "黑暗時代矮牆塊",
            "pt-BR": "Peça Inferior de Parede de Vila da Idade Média",
            "cs-CZ": "Starodávná vesnice - dolní stěna",
            "pl-PL": "Miasteczko średniowieczne - segment dolnej ściany",
            "ru-RU": "Деталь нижней стены"
        }
    }
}
