{
    "id": "rct2.tt.meteorst",
    "authors": ["Frontier Studios"],
    "version": "1.0",
    "originalId": "0E24F721|METEORST|D826CE4C",
    "sourceGame": "rct2tt",
    "objectType": "scenery_small",
    "properties": {
        "price": 13,
        "removalPrice": 10,
        "cursor": "CURSOR_STATUE_DOWN",
        "height": 48,
        "sceneryGroup": "SCGWALLS",
        "shape": "4/4",
        "SMALL_SCENERY_FLAG_VOFFSET_CENTRE": true,
        "isRotatable": true,
        "isStackable": true,
        "hasNoSupports": true
    },
    "images": ["$RCT2:OBJDATA/METEORST.DAT[0..3]"],
    "strings": {
        "name": {
            "en-GB": "Meteor Crater Wall",
            "fr-FR": "Mur de cratère météoritique",
            "de-DE": "Meteoritenkrater-Mauer",
            "es-ES": "Pared de cráter de meteorito",
            "it-IT": "Parete del cratere meteoritico",
            "nl-NL": "Muur meteoorkrater",
            "sv-SE": "Vägg, meteorkrater",
            "ko-KR": "운석 크레이터 벽",
            "zh-TW": "隕石坑牆面",
            "pt-BR": "Parede de Cratera de Meteoro",
            "cs-CZ": "Kráter - stěna",
            "pl-PL": "Ściana krateru po meteorycie",
            "ru-RU": "Деталь кратера"
        }
    }
}
