{
    "id": "rct2.tt.swamplt1",
    "authors": ["Frontier Studios"],
    "version": "1.0",
    "originalId": "0E24F721|SWAMPLT1|72C12D2A",
    "sourceGame": "rct2tt",
    "objectType": "scenery_small",
    "properties": {
        "price": 20,
        "removalPrice": 15,
        "cursor": "CURSOR_TREE_DOWN",
        "height": 72,
        "sceneryGroup": "SCGSHRUB",
        "shape": "4/4",
        "SMALL_SCENERY_FLAG_VOFFSET_CENTRE": true,
        "requiresFlatSurface": true,
        "isRotatable": true,
        "hasNoSupports": true
    },
    "images": ["$RCT2:OBJDATA/SWAMPLT1.DAT[0..3]"],
    "strings": {
        "name": {
            "en-GB": "Swamp Plant",
            "fr-FR": "Plante marécageuse",
            "de-DE": "Sumpfpflanze",
            "es-ES": "Planta de pantano",
            "it-IT": "Pianta palustre",
            "nl-NL": "Moerasplant",
            "sv-SE": "Träskplanta",
            "ko-KR": "슾지 식물",
            "zh-TW": "沼澤植物",
            "pt-BR": "Planta de Pântano",
            "cs-CZ": "Bažina - Rostlina",
            "pl-PL": "Roślina bagienna",
            "ru-RU": "Растение"
        }
    }
}
