{
    "id": "rct2.tt.spcshp06",
    "authors": ["Frontier Studios"],
    "version": "1.0",
    "originalId": "0E24FB21|SPCSHP06|3A4E7BE4",
    "sourceGame": "rct2tt",
    "objectType": "scenery_small",
    "properties": {
        "price": 40,
        "removalPrice": -32,
        "cursor": "CURSOR_STATUE_DOWN",
        "height": 32,
        "shape": "4/4",
        "SMALL_SCENERY_FLAG_VOFFSET_CENTRE": true,
        "requiresFlatSurface": true,
        "isRotatable": true,
        "isStackable": true,
        "prohibitWalls": true,
        "hasNoSupports": true
    },
    "images": ["$RCT2:OBJDATA/SPCSHP06.DAT[0..3]"],
    "strings": {
        "name": {
            "en-GB": "Space Ship Cross Section",
            "fr-FR": "Section de croisement du vaisseau spatial",
            "de-DE": "Raumschiff Kreuzung",
            "es-ES": "Sección de cruce de nave espacial",
            "it-IT": "Sezione trasversale della navicella spaziale",
            "nl-NL": "Kruising Ruimteschip",
            "sv-SE": "Skarvsektion, rymdskepp",
            "ko-KR": "우주선 교차 섹션",
            "zh-TW": "太空船交叉區段",
            "pt-BR": "Seção Transversal de Estação Espacial",
            "cs-CZ": "Vesmírná loď - střední část",
            "pl-PL": "Statek kosmiczny - skrzyżowanie",
            "ru-RU": "Секция корабля"
        }
    }
}
