{
    "id": "rct2.tt.spcshp03",
    "authors": ["Frontier Studios"],
    "version": "1.0",
    "originalId": "0E24FB21|SPCSHP03|345A1B4F",
    "sourceGame": "rct2tt",
    "objectType": "scenery_small",
    "properties": {
        "price": 40,
        "removalPrice": -32,
        "cursor": "CURSOR_STATUE_DOWN",
        "height": 32,
        "animationDelay": 3,
        "animationMask": 31,
        "numFrames": 32,
        "shape": "4/4",
        "SMALL_SCENERY_FLAG_VOFFSET_CENTRE": true,
        "isRotatable": true,
        "isAnimated": true,
        "isStackable": true,
        "hasNoSupports": true,
        "SMALL_SCENERY_FLAG_VISIBLE_WHEN_ZOOMED": true,
        "SMALL_SCENERY_FLAG_COG": true,
        "frameOffsets": [0, 1, 2, 3, 4, 5, 6, 7, 8, 9, 10, 11, 12, 13, 14, 15, 15, 14, 13, 12, 11, 10, 9, 8, 7, 6, 5, 4, 3, 2, 1, 0]
    },
    "images": ["$RCT2:OBJDATA/SPCSHP03.DAT[0..67]"],
    "strings": {
        "name": {
            "en-GB": "Space Ship Solar Section",
            "fr-FR": "Section solaire du vaisseau spatial",
            "de-DE": "Raumschiff Solartrakt",
            "es-ES": "Sección solar de nave espacial",
            "it-IT": "Sezione solare della navicella spaziale",
            "nl-NL": "Zongedeelte Ruimteschip",
            "sv-SE": "Solkraftssektion, rymdskepp",
            "ko-KR": "우주선 태양열 섹션",
            "zh-TW": "太空船太陽能區",
            "pt-BR": "Seção Solar de Estação Espacial",
            "cs-CZ": "Vesmírná loď - solární sekce",
            "pl-PL": "Statek kosmiczny - sekcja baterii",
            "ru-RU": "Секция корабля"
        }
    }
}
