{
    "id": "rct2.tt.cagdstat",
    "authors": ["Frontier Studios"],
    "version": "1.0",
    "originalId": "0E24F821|CAGDSTAT|CFAB2570",
    "sourceGame": "rct2tt",
    "objectType": "scenery_small",
    "properties": {
        "price": 38,
        "removalPrice": -32,
        "cursor": "CURSOR_STATUE_DOWN",
        "height": 82,
        "animationDelay": 2,
        "animationMask": 15,
        "numFrames": 16,
        "shape": "4/4",
        "SMALL_SCENERY_FLAG_VOFFSET_CENTRE": true,
        "requiresFlatSurface": true,
        "isRotatable": true,
        "isAnimated": true,
        "isStackable": true,
        "SMALL_SCENERY_FLAG_VISIBLE_WHEN_ZOOMED": true,
        "frameOffsets": [0, 1, 2, 3, 4, 5, 6, 7, 8, 9, 10, 11, 12, 13, 14, 15]
    },
    "images": ["$RCT2:OBJDATA/CAGDSTAT.DAT[0..67]"],
    "strings": {
        "name": {
            "en-GB": "Animatronic Eagle on Cage",
            "fr-FR": "Automate : aigle en cage",
            "de-DE": "Animatronic Adler auf Käfig",
            "es-ES": "Animatrónica Águila enjaulada",
            "it-IT": "Animatrone aquila in gabbia",
            "nl-NL": "Animatronische adelaar op kooi",
            "sv-SE": "Örn på bur (animatronisk)",
            "ko-KR": "움직이는 새장 안의 독수리",
            "zh-TW": "洞穴上的老鷹機械偶",
            "pt-BR": "Águia em Gaiola Animatrônica",
            "cs-CZ": "Pohybující se orel na kleci",
            "pl-PL": "Mechaniczny orzeł na klatce",
            "ru-RU": "Орёл на клетке"
        }
    }
}
