{
    "id": "rct2.tt.schnpl02",
    "authors": ["Frontier Studios"],
    "version": "1.0",
    "originalId": "0E24FA21|SCHNPL02|E719B017",
    "sourceGame": "rct2tt",
    "objectType": "scenery_small",
    "properties": {
        "price": 24,
        "removalPrice": -18,
        "cursor": "CURSOR_STATUE_DOWN",
        "height": 48,
        "animationDelay": 3,
        "animationMask": 15,
        "numFrames": 16,
        "shape": "4/4",
        "SMALL_SCENERY_FLAG_VOFFSET_CENTRE": true,
        "isRotatable": true,
        "isAnimated": true,
        "hasPrimaryColour": true,
        "isStackable": true,
        "SMALL_SCENERY_FLAG_VISIBLE_WHEN_ZOOMED": true,
        "frameOffsets": [0, 1, 2, 3, 4, 5, 6, 7, 8, 9, 10, 11, 12, 13, 14, 15]
    },
    "images": ["$RCT2:OBJDATA/SCHNPL02.DAT[0..67]"],
    "strings": {
        "name": {
            "en-GB": "Sea Plane",
            "fr-FR": "Hydravion",
            "de-DE": "Wasserflugzeug",
            "es-ES": "Aeronave",
            "it-IT": "Idrovolante",
            "nl-NL": "Watervliegtuig",
            "sv-SE": "Sjöflygplan",
            "ko-KR": "수상비행기",
            "zh-TW": "海上小飛機",
            "pt-BR": "Hidroavião",
            "cs-CZ": "Hydroplán",
            "pl-PL": "Hydroplan",
            "ru-RU": "Акваплан"
        }
    }
}
