{
    "id": "rct2.tt.dinsign2",
    "authors": ["Frontier Studios"],
    "version": "1.0",
    "originalId": "0E24FA21|DINSIGN2|AEAB6342",
    "sourceGame": "rct2tt",
    "objectType": "scenery_small",
    "properties": {
        "price": 46,
        "removalPrice": -38,
        "cursor": "CURSOR_STATUE_DOWN",
        "height": 96,
        "animationDelay": 3,
        "animationMask": 15,
        "numFrames": 16,
        "shape": "4/4",
        "SMALL_SCENERY_FLAG_VOFFSET_CENTRE": true,
        "isRotatable": true,
        "isAnimated": true,
        "isStackable": true,
        "SMALL_SCENERY_FLAG_VISIBLE_WHEN_ZOOMED": true,
        "frameOffsets": [0, 1, 2, 3, 4, 5, 6, 7, 8, 9, 10, 11, 12, 13, 14, 15]
    },
    "images": ["$RCT2:OBJDATA/DINSIGN2.DAT[0..67]"],
    "strings": {
        "name": {
            "en-GB": "Neon Diner Sign",
            "fr-FR": "Néon lumineux de restaurant",
            "de-DE": "Neonschild Café",
            "es-ES": "Anuncio de neón de restaurante",
            "it-IT": "Insegna al neon del ristorante",
            "nl-NL": "Neonembleem Cafetaria",
            "sv-SE": "Kaféskylt i neon",
            "ko-KR": "식당 네온 사인",
            "zh-TW": "廳霓虹燈",
            "pt-BR": "Placa de Lanchonete em Néon",
            "cs-CZ": "Neonová cedule jídelny",
            "pl-PL": "Neon baru",
            "ru-RU": "Вывеска"
        }
    }
}
